// SPDX-License-Identifier: MIT AND Bitstream-Vera
// SPDX-FileCopyrightText: 2003 Bitstream, Inc. (Bitstream Vera); DejaVu changes are in public domain
// Font ekranu stacji: wygenerowany przez firmware/tools/font_bitmap.py z DejaVu Sans Mono Bold 2.37
// (firmware/fonts/DejaVuSansMono-Bold.ttf, sha256 bce60f1b4421acd9...), 33 px w komórce 20 x 40 px.
// Kształty liter są pochodną fontu Bitstream Vera / DejaVu (licencja w firmware/fonts/LICENSE.txt);
// nazwa bitmapy nie zawiera nazw Bitstream ani Vera. Nie edytować ręcznie.
#pragma once

#include <stddef.h>
#include <stdint.h>

namespace font {

constexpr uint8_t WIDTH = 20;
constexpr uint8_t HEIGHT = 40;
constexpr uint8_t ROW_BYTES = 3;  // bit 7 bajtu 0 = lewy piksel wiersza
constexpr uint8_t LINE_PITCH = 48;
constexpr size_t GLYPH_COUNT = 182;
constexpr uint16_t REPLACEMENT = 0xFFFD;

struct Glyph {
    uint16_t codepoint;
    uint8_t rows[HEIGHT * ROW_BYTES];
};

// Posortowane rosnąco według kodu (wyszukiwanie połówkowe).
constexpr Glyph GLYPHS[GLYPH_COUNT] = {
    {0x0020,  // ' '
     {0x00, 0x00, 0x00, 0x00, 0x00, 0x00, 0x00, 0x00, 0x00, 0x00, 0x00, 0x00, 0x00, 0x00, 0x00, 0x00, 0x00, 0x00, 0x00, 0x00, 0x00, 0x00, 0x00, 0x00,
      0x00, 0x00, 0x00, 0x00, 0x00, 0x00, 0x00, 0x00, 0x00, 0x00, 0x00, 0x00, 0x00, 0x00, 0x00, 0x00, 0x00, 0x00, 0x00, 0x00, 0x00, 0x00, 0x00, 0x00,
      0x00, 0x00, 0x00, 0x00, 0x00, 0x00, 0x00, 0x00, 0x00, 0x00, 0x00, 0x00, 0x00, 0x00, 0x00, 0x00, 0x00, 0x00, 0x00, 0x00, 0x00, 0x00, 0x00, 0x00,
      0x00, 0x00, 0x00, 0x00, 0x00, 0x00, 0x00, 0x00, 0x00, 0x00, 0x00, 0x00, 0x00, 0x00, 0x00, 0x00, 0x00, 0x00, 0x00, 0x00, 0x00, 0x00, 0x00, 0x00,
      0x00, 0x00, 0x00, 0x00, 0x00, 0x00, 0x00, 0x00, 0x00, 0x00, 0x00, 0x00, 0x00, 0x00, 0x00, 0x00, 0x00, 0x00, 0x00, 0x00, 0x00, 0x00, 0x00, 0x00}},
    {0x0021,  // '!'
     {0x00, 0x00, 0x00, 0x00, 0x00, 0x00, 0x00, 0x00, 0x00, 0x00, 0x00, 0x00, 0x00, 0x00, 0x00, 0x00, 0x00, 0x00, 0x00, 0x00, 0x00, 0x00, 0xF0, 0x00,
      0x00, 0xF0, 0x00, 0x00, 0xF0, 0x00, 0x00, 0xF0, 0x00, 0x00, 0xF0, 0x00, 0x00, 0xF0, 0x00, 0x00, 0xF0, 0x00, 0x00, 0xF0, 0x00, 0x00, 0xF0, 0x00,
      0x00, 0xF0, 0x00, 0x00, 0xF0, 0x00, 0x00, 0xF0, 0x00, 0x00, 0xF0, 0x00, 0x00, 0xF0, 0x00, 0x00, 0xF0, 0x00, 0x00, 0xF0, 0x00, 0x00, 0x00, 0x00,
      0x00, 0x00, 0x00, 0x00, 0x00, 0x00, 0x00, 0xF0, 0x00, 0x00, 0xF0, 0x00, 0x00, 0xF0, 0x00, 0x00, 0xF0, 0x00, 0x00, 0xF0, 0x00, 0x00, 0x00, 0x00,
      0x00, 0x00, 0x00, 0x00, 0x00, 0x00, 0x00, 0x00, 0x00, 0x00, 0x00, 0x00, 0x00, 0x00, 0x00, 0x00, 0x00, 0x00, 0x00, 0x00, 0x00, 0x00, 0x00, 0x00}},
    {0x0022,  // '"'
     {0x00, 0x00, 0x00, 0x00, 0x00, 0x00, 0x00, 0x00, 0x00, 0x00, 0x00, 0x00, 0x00, 0x00, 0x00, 0x00, 0x00, 0x00, 0x00, 0x00, 0x00, 0x0F, 0x0F, 0x00,
      0x0F, 0x0F, 0x00, 0x0F, 0x0F, 0x00, 0x0F, 0x0F, 0x00, 0x0F, 0x0F, 0x00, 0x0F, 0x0F, 0x00, 0x0F, 0x0F, 0x00, 0x0F, 0x0F, 0x00, 0x0F, 0x0F, 0x00,
      0x00, 0x00, 0x00, 0x00, 0x00, 0x00, 0x00, 0x00, 0x00, 0x00, 0x00, 0x00, 0x00, 0x00, 0x00, 0x00, 0x00, 0x00, 0x00, 0x00, 0x00, 0x00, 0x00, 0x00,
      0x00, 0x00, 0x00, 0x00, 0x00, 0x00, 0x00, 0x00, 0x00, 0x00, 0x00, 0x00, 0x00, 0x00, 0x00, 0x00, 0x00, 0x00, 0x00, 0x00, 0x00, 0x00, 0x00, 0x00,
      0x00, 0x00, 0x00, 0x00, 0x00, 0x00, 0x00, 0x00, 0x00, 0x00, 0x00, 0x00, 0x00, 0x00, 0x00, 0x00, 0x00, 0x00, 0x00, 0x00, 0x00, 0x00, 0x00, 0x00}},
    {0x0023,  // '#'
     {0x00, 0x00, 0x00, 0x00, 0x00, 0x00, 0x00, 0x00, 0x00, 0x00, 0x00, 0x00, 0x00, 0x00, 0x00, 0x00, 0x00, 0x00, 0x00, 0x00, 0x00, 0x00, 0x00, 0x00,
      0x00, 0xE1, 0xC0, 0x01, 0xE3, 0xC0, 0x01, 0xE3, 0xC0, 0x01, 0xC3, 0x80, 0x01, 0xC3, 0x80, 0x03, 0xC7, 0x80, 0x3F, 0xFF, 0xF0, 0x3F, 0xFF, 0xF0,
      0x3F, 0xFF, 0xF0, 0x07, 0x8F, 0x00, 0x07, 0x8E, 0x00, 0x07, 0x0E, 0x00, 0x07, 0x1E, 0x00, 0x0F, 0x1E, 0x00, 0xFF, 0xFF, 0xC0, 0xFF, 0xFF, 0xC0,
      0xFF, 0xFF, 0xC0, 0x1E, 0x3C, 0x00, 0x1E, 0x38, 0x00, 0x1C, 0x38, 0x00, 0x3C, 0x78, 0x00, 0x3C, 0x78, 0x00, 0x3C, 0x70, 0x00, 0x00, 0x00, 0x00,
      0x00, 0x00, 0x00, 0x00, 0x00, 0x00, 0x00, 0x00, 0x00, 0x00, 0x00, 0x00, 0x00, 0x00, 0x00, 0x00, 0x00, 0x00, 0x00, 0x00, 0x00, 0x00, 0x00, 0x00}},
    {0x0024,  // '$'
     {0x00, 0x00, 0x00, 0x00, 0x00, 0x00, 0x00, 0x00, 0x00, 0x00, 0x00, 0x00, 0x00, 0x00, 0x00, 0x00, 0x00, 0x00, 0x00, 0x60, 0x00, 0x00, 0x60, 0x00,
      0x00, 0x60, 0x00, 0x00, 0x60, 0x00, 0x03, 0xFC, 0x00, 0x07, 0xFF, 0x00, 0x0F, 0xFF, 0x00, 0x1F, 0xFF, 0x00, 0x1F, 0x63, 0x00, 0x1E, 0x60, 0x00,
      0x1E, 0x60, 0x00, 0x1F, 0x60, 0x00, 0x1F, 0xE0, 0x00, 0x0F, 0xFC, 0x00, 0x0F, 0xFF, 0x00, 0x03, 0xFF, 0x80, 0x00, 0xFF, 0x80, 0x00, 0x6F, 0x80,
      0x00, 0x67, 0xC0, 0x00, 0x67, 0xC0, 0x18, 0x67, 0x80, 0x1F, 0xFF, 0x80, 0x1F, 0xFF, 0x00, 0x1F, 0xFE, 0x00, 0x07, 0xFC, 0x00, 0x00, 0x60, 0x00,
      0x00, 0x60, 0x00, 0x00, 0x60, 0x00, 0x00, 0x60, 0x00, 0x00, 0x60, 0x00, 0x00, 0x00, 0x00, 0x00, 0x00, 0x00, 0x00, 0x00, 0x00, 0x00, 0x00, 0x00}},
    {0x0025,  // '%'
     {0x00, 0x00, 0x00, 0x00, 0x00, 0x00, 0x00, 0x00, 0x00, 0x00, 0x00, 0x00, 0x00, 0x00, 0x00, 0x00, 0x00, 0x00, 0x00, 0x00, 0x00, 0x1F, 0x00, 0x00,
      0x3F, 0x80, 0x00, 0x7F, 0xC0, 0x00, 0x71, 0xE0, 0x00, 0x70, 0xE0, 0x00, 0x70, 0xE0, 0x00, 0x71, 0xE0, 0x00, 0x7F, 0xC0, 0x40, 0x3F, 0x81, 0xE0,
      0x1F, 0x07, 0x80, 0x00, 0x1E, 0x00, 0x00, 0x78, 0x00, 0x01, 0xE0, 0x00, 0x07, 0x80, 0x00, 0x1E, 0x0F, 0x80, 0x38, 0x1F, 0xC0, 0x20, 0x3F, 0xE0,
      0x00, 0x38, 0xE0, 0x00, 0x70, 0x70, 0x00, 0x70, 0x70, 0x00, 0x38, 0xE0, 0x00, 0x3F, 0xE0, 0x00, 0x1F, 0xC0, 0x00, 0x0F, 0x80, 0x00, 0x00, 0x00,
      0x00, 0x00, 0x00, 0x00, 0x00, 0x00, 0x00, 0x00, 0x00, 0x00, 0x00, 0x00, 0x00, 0x00, 0x00, 0x00, 0x00, 0x00, 0x00, 0x00, 0x00, 0x00, 0x00, 0x00}},
    {0x0026,  // '&'
     {0x00, 0x00, 0x00, 0x00, 0x00, 0x00, 0x00, 0x00, 0x00, 0x00, 0x00, 0x00, 0x00, 0x00, 0x00, 0x00, 0x00, 0x00, 0x00, 0x00, 0x00, 0x01, 0xF8, 0x00,
      0x07, 0xFE, 0x00, 0x0F, 0xFE, 0x00, 0x0F, 0xFE, 0x00, 0x0F, 0x86, 0x00, 0x0F, 0x00, 0x00, 0x0F, 0x00, 0x00, 0x0F, 0x80, 0x00, 0x0F, 0xC0, 0x00,
      0x07, 0xC0, 0x00, 0x0F, 0xE0, 0x00, 0x1F, 0xF0, 0x00, 0x3F, 0xF0, 0xF0, 0x7C, 0xF8, 0xF0, 0x78, 0x7C, 0xE0, 0x78, 0x7C, 0xE0, 0x78, 0x3F, 0xE0,
      0x78, 0x1F, 0xE0, 0x7C, 0x0F, 0xC0, 0x7E, 0x1F, 0x80, 0x3F, 0xFF, 0xC0, 0x3F, 0xFF, 0xC0, 0x0F, 0xFF, 0xE0, 0x03, 0xF1, 0xF0, 0x00, 0x00, 0x00,
      0x00, 0x00, 0x00, 0x00, 0x00, 0x00, 0x00, 0x00, 0x00, 0x00, 0x00, 0x00, 0x00, 0x00, 0x00, 0x00, 0x00, 0x00, 0x00, 0x00, 0x00, 0x00, 0x00, 0x00}},
    {0x0027,  // "'"
     {0x00, 0x00, 0x00, 0x00, 0x00, 0x00, 0x00, 0x00, 0x00, 0x00, 0x00, 0x00, 0x00, 0x00, 0x00, 0x00, 0x00, 0x00, 0x00, 0x00, 0x00, 0x00, 0xF0, 0x00,
      0x00, 0xF0, 0x00, 0x00, 0xF0, 0x00, 0x00, 0xF0, 0x00, 0x00, 0xF0, 0x00, 0x00, 0xF0, 0x00, 0x00, 0xF0, 0x00, 0x00, 0xF0, 0x00, 0x00, 0xF0, 0x00,
      0x00, 0x00, 0x00, 0x00, 0x00, 0x00, 0x00, 0x00, 0x00, 0x00, 0x00, 0x00, 0x00, 0x00, 0x00, 0x00, 0x00, 0x00, 0x00, 0x00, 0x00, 0x00, 0x00, 0x00,
      0x00, 0x00, 0x00, 0x00, 0x00, 0x00, 0x00, 0x00, 0x00, 0x00, 0x00, 0x00, 0x00, 0x00, 0x00, 0x00, 0x00, 0x00, 0x00, 0x00, 0x00, 0x00, 0x00, 0x00,
      0x00, 0x00, 0x00, 0x00, 0x00, 0x00, 0x00, 0x00, 0x00, 0x00, 0x00, 0x00, 0x00, 0x00, 0x00, 0x00, 0x00, 0x00, 0x00, 0x00, 0x00, 0x00, 0x00, 0x00}},
    {0x0028,  // '('
     {0x00, 0x00, 0x00, 0x00, 0x00, 0x00, 0x00, 0x00, 0x00, 0x00, 0x00, 0x00, 0x00, 0x00, 0x00, 0x00, 0x00, 0x00, 0x00, 0x1E, 0x00, 0x00, 0x3C, 0x00,
      0x00, 0x3C, 0x00, 0x00, 0x78, 0x00, 0x00, 0x78, 0x00, 0x00, 0xF0, 0x00, 0x00, 0xF0, 0x00, 0x01, 0xF0, 0x00, 0x01, 0xE0, 0x00, 0x01, 0xE0, 0x00,
      0x01, 0xE0, 0x00, 0x03, 0xE0, 0x00, 0x03, 0xE0, 0x00, 0x03, 0xE0, 0x00, 0x03, 0xE0, 0x00, 0x03, 0xE0, 0x00, 0x03, 0xE0, 0x00, 0x03, 0xE0, 0x00,
      0x01, 0xE0, 0x00, 0x01, 0xE0, 0x00, 0x01, 0xE0, 0x00, 0x01, 0xF0, 0x00, 0x00, 0xF0, 0x00, 0x00, 0xF0, 0x00, 0x00, 0x78, 0x00, 0x00, 0x78, 0x00,
      0x00, 0x3C, 0x00, 0x00, 0x3C, 0x00, 0x00, 0x1E, 0x00, 0x00, 0x00, 0x00, 0x00, 0x00, 0x00, 0x00, 0x00, 0x00, 0x00, 0x00, 0x00, 0x00, 0x00, 0x00}},
    {0x0029,  // ')'
     {0x00, 0x00, 0x00, 0x00, 0x00, 0x00, 0x00, 0x00, 0x00, 0x00, 0x00, 0x00, 0x00, 0x00, 0x00, 0x00, 0x00, 0x00, 0x07, 0x80, 0x00, 0x03, 0xC0, 0x00,
      0x03, 0xC0, 0x00, 0x01, 0xE0, 0x00, 0x01, 0xE0, 0x00, 0x00, 0xF0, 0x00, 0x00, 0xF0, 0x00, 0x00, 0xF8, 0x00, 0x00, 0xF8, 0x00, 0x00, 0x78, 0x00,
      0x00, 0x78, 0x00, 0x00, 0x78, 0x00, 0x00, 0x7C, 0x00, 0x00, 0x7C, 0x00, 0x00, 0x7C, 0x00, 0x00, 0x7C, 0x00, 0x00, 0x7C, 0x00, 0x00, 0x78, 0x00,
      0x00, 0x78, 0x00, 0x00, 0x78, 0x00, 0x00, 0xF8, 0x00, 0x00, 0xF8, 0x00, 0x00, 0xF0, 0x00, 0x00, 0xF0, 0x00, 0x01, 0xE0, 0x00, 0x01, 0xE0, 0x00,
      0x03, 0xC0, 0x00, 0x03, 0xC0, 0x00, 0x07, 0x80, 0x00, 0x00, 0x00, 0x00, 0x00, 0x00, 0x00, 0x00, 0x00, 0x00, 0x00, 0x00, 0x00, 0x00, 0x00, 0x00}},
    {0x002A,  // '*'
     {0x00, 0x00, 0x00, 0x00, 0x00, 0x00, 0x00, 0x00, 0x00, 0x00, 0x00, 0x00, 0x00, 0x00, 0x00, 0x00, 0x00, 0x00, 0x00, 0x00, 0x00, 0x00, 0x60, 0x00,
      0x00, 0x60, 0x00, 0x00, 0x60, 0x00, 0x10, 0x60, 0x80, 0x3C, 0x63, 0x80, 0x3F, 0xEF, 0x80, 0x0F, 0xFE, 0x00, 0x03, 0xFC, 0x00, 0x03, 0xF8, 0x00,
      0x0F, 0xFE, 0x00, 0x3F, 0xEF, 0x80, 0x3C, 0x63, 0x80, 0x10, 0x60, 0x80, 0x00, 0x60, 0x00, 0x00, 0x60, 0x00, 0x00, 0x60, 0x00, 0x00, 0x00, 0x00,
      0x00, 0x00, 0x00, 0x00, 0x00, 0x00, 0x00, 0x00, 0x00, 0x00, 0x00, 0x00, 0x00, 0x00, 0x00, 0x00, 0x00, 0x00, 0x00, 0x00, 0x00, 0x00, 0x00, 0x00,
      0x00, 0x00, 0x00, 0x00, 0x00, 0x00, 0x00, 0x00, 0x00, 0x00, 0x00, 0x00, 0x00, 0x00, 0x00, 0x00, 0x00, 0x00, 0x00, 0x00, 0x00, 0x00, 0x00, 0x00}},
    {0x002B,  // '+'
     {0x00, 0x00, 0x00, 0x00, 0x00, 0x00, 0x00, 0x00, 0x00, 0x00, 0x00, 0x00, 0x00, 0x00, 0x00, 0x00, 0x00, 0x00, 0x00, 0x00, 0x00, 0x00, 0x00, 0x00,
      0x00, 0x00, 0x00, 0x00, 0x00, 0x00, 0x00, 0x00, 0x00, 0x00, 0x00, 0x00, 0x00, 0xF0, 0x00, 0x00, 0xF0, 0x00, 0x00, 0xF0, 0x00, 0x00, 0xF0, 0x00,
      0x00, 0xF0, 0x00, 0x00, 0xF0, 0x00, 0x00, 0xF0, 0x00, 0x7F, 0xFF, 0xE0, 0x7F, 0xFF, 0xE0, 0x7F, 0xFF, 0xE0, 0x7F, 0xFF, 0xE0, 0x00, 0xF0, 0x00,
      0x00, 0xF0, 0x00, 0x00, 0xF0, 0x00, 0x00, 0xF0, 0x00, 0x00, 0xF0, 0x00, 0x00, 0xF0, 0x00, 0x00, 0xF0, 0x00, 0x00, 0x00, 0x00, 0x00, 0x00, 0x00,
      0x00, 0x00, 0x00, 0x00, 0x00, 0x00, 0x00, 0x00, 0x00, 0x00, 0x00, 0x00, 0x00, 0x00, 0x00, 0x00, 0x00, 0x00, 0x00, 0x00, 0x00, 0x00, 0x00, 0x00}},
    {0x002C,  // ','
     {0x00, 0x00, 0x00, 0x00, 0x00, 0x00, 0x00, 0x00, 0x00, 0x00, 0x00, 0x00, 0x00, 0x00, 0x00, 0x00, 0x00, 0x00, 0x00, 0x00, 0x00, 0x00, 0x00, 0x00,
      0x00, 0x00, 0x00, 0x00, 0x00, 0x00, 0x00, 0x00, 0x00, 0x00, 0x00, 0x00, 0x00, 0x00, 0x00, 0x00, 0x00, 0x00, 0x00, 0x00, 0x00, 0x00, 0x00, 0x00,
      0x00, 0x00, 0x00, 0x00, 0x00, 0x00, 0x00, 0x00, 0x00, 0x00, 0x00, 0x00, 0x00, 0x00, 0x00, 0x00, 0x00, 0x00, 0x00, 0x00, 0x00, 0x00, 0x00, 0x00,
      0x00, 0x00, 0x00, 0x01, 0xF0, 0x00, 0x01, 0xF0, 0x00, 0x01, 0xF0, 0x00, 0x01, 0xF0, 0x00, 0x01, 0xF0, 0x00, 0x01, 0xF0, 0x00, 0x01, 0xF0, 0x00,
      0x01, 0xE0, 0x00, 0x03, 0xE0, 0x00, 0x03, 0xC0, 0x00, 0x03, 0xC0, 0x00, 0x00, 0x00, 0x00, 0x00, 0x00, 0x00, 0x00, 0x00, 0x00, 0x00, 0x00, 0x00}},
    {0x002D,  // '-'
     {0x00, 0x00, 0x00, 0x00, 0x00, 0x00, 0x00, 0x00, 0x00, 0x00, 0x00, 0x00, 0x00, 0x00, 0x00, 0x00, 0x00, 0x00, 0x00, 0x00, 0x00, 0x00, 0x00, 0x00,
      0x00, 0x00, 0x00, 0x00, 0x00, 0x00, 0x00, 0x00, 0x00, 0x00, 0x00, 0x00, 0x00, 0x00, 0x00, 0x00, 0x00, 0x00, 0x00, 0x00, 0x00, 0x00, 0x00, 0x00,
      0x00, 0x00, 0x00, 0x00, 0x00, 0x00, 0x00, 0x00, 0x00, 0x07, 0xFE, 0x00, 0x07, 0xFE, 0x00, 0x07, 0xFE, 0x00, 0x07, 0xFE, 0x00, 0x07, 0xFE, 0x00,
      0x00, 0x00, 0x00, 0x00, 0x00, 0x00, 0x00, 0x00, 0x00, 0x00, 0x00, 0x00, 0x00, 0x00, 0x00, 0x00, 0x00, 0x00, 0x00, 0x00, 0x00, 0x00, 0x00, 0x00,
      0x00, 0x00, 0x00, 0x00, 0x00, 0x00, 0x00, 0x00, 0x00, 0x00, 0x00, 0x00, 0x00, 0x00, 0x00, 0x00, 0x00, 0x00, 0x00, 0x00, 0x00, 0x00, 0x00, 0x00}},
    {0x002E,  // '.'
     {0x00, 0x00, 0x00, 0x00, 0x00, 0x00, 0x00, 0x00, 0x00, 0x00, 0x00, 0x00, 0x00, 0x00, 0x00, 0x00, 0x00, 0x00, 0x00, 0x00, 0x00, 0x00, 0x00, 0x00,
      0x00, 0x00, 0x00, 0x00, 0x00, 0x00, 0x00, 0x00, 0x00, 0x00, 0x00, 0x00, 0x00, 0x00, 0x00, 0x00, 0x00, 0x00, 0x00, 0x00, 0x00, 0x00, 0x00, 0x00,
      0x00, 0x00, 0x00, 0x00, 0x00, 0x00, 0x00, 0x00, 0x00, 0x00, 0x00, 0x00, 0x00, 0x00, 0x00, 0x00, 0x00, 0x00, 0x00, 0x00, 0x00, 0x00, 0x00, 0x00,
      0x00, 0x00, 0x00, 0x01, 0xF8, 0x00, 0x01, 0xF8, 0x00, 0x01, 0xF8, 0x00, 0x01, 0xF8, 0x00, 0x01, 0xF8, 0x00, 0x01, 0xF8, 0x00, 0x00, 0x00, 0x00,
      0x00, 0x00, 0x00, 0x00, 0x00, 0x00, 0x00, 0x00, 0x00, 0x00, 0x00, 0x00, 0x00, 0x00, 0x00, 0x00, 0x00, 0x00, 0x00, 0x00, 0x00, 0x00, 0x00, 0x00}},
    {0x002F,  // '/'
     {0x00, 0x00, 0x00, 0x00, 0x00, 0x00, 0x00, 0x00, 0x00, 0x00, 0x00, 0x00, 0x00, 0x00, 0x00, 0x00, 0x00, 0x00, 0x00, 0x00, 0x00, 0x00, 0x03, 0xC0,
      0x00, 0x03, 0x80, 0x00, 0x07, 0x80, 0x00, 0x07, 0x00, 0x00, 0x0F, 0x00, 0x00, 0x0E, 0x00, 0x00, 0x1E, 0x00, 0x00, 0x1E, 0x00, 0x00, 0x3C, 0x00,
      0x00, 0x3C, 0x00, 0x00, 0x38, 0x00, 0x00, 0x78, 0x00, 0x00, 0x70, 0x00, 0x00, 0xF0, 0x00, 0x00, 0xE0, 0x00, 0x01, 0xE0, 0x00, 0x01, 0xC0, 0x00,
      0x03, 0xC0, 0x00, 0x03, 0x80, 0x00, 0x07, 0x80, 0x00, 0x07, 0x00, 0x00, 0x0F, 0x00, 0x00, 0x0E, 0x00, 0x00, 0x1E, 0x00, 0x00, 0x1E, 0x00, 0x00,
      0x1C, 0x00, 0x00, 0x3C, 0x00, 0x00, 0x00, 0x00, 0x00, 0x00, 0x00, 0x00, 0x00, 0x00, 0x00, 0x00, 0x00, 0x00, 0x00, 0x00, 0x00, 0x00, 0x00, 0x00}},
    {0x0030,  // '0'
     {0x00, 0x00, 0x00, 0x00, 0x00, 0x00, 0x00, 0x00, 0x00, 0x00, 0x00, 0x00, 0x00, 0x00, 0x00, 0x00, 0x00, 0x00, 0x00, 0x00, 0x00, 0x01, 0xF8, 0x00,
      0x07, 0xFC, 0x00, 0x0F, 0xFE, 0x00, 0x0F, 0xFF, 0x00, 0x1F, 0x9F, 0x80, 0x1F, 0x0F, 0x80, 0x1E, 0x07, 0x80, 0x3E, 0x07, 0xC0, 0x3E, 0x07, 0xC0,
      0x3E, 0x07, 0xC0, 0x3E, 0x67, 0xC0, 0x3E, 0xF7, 0xC0, 0x3E, 0xF7, 0xC0, 0x3E, 0x67, 0xC0, 0x3E, 0x07, 0xC0, 0x3E, 0x07, 0xC0, 0x3E, 0x07, 0xC0,
      0x1E, 0x07, 0x80, 0x1F, 0x0F, 0x80, 0x1F, 0x9F, 0x80, 0x0F, 0xFF, 0x00, 0x0F, 0xFE, 0x00, 0x07, 0xFE, 0x00, 0x01, 0xF8, 0x00, 0x00, 0x00, 0x00,
      0x00, 0x00, 0x00, 0x00, 0x00, 0x00, 0x00, 0x00, 0x00, 0x00, 0x00, 0x00, 0x00, 0x00, 0x00, 0x00, 0x00, 0x00, 0x00, 0x00, 0x00, 0x00, 0x00, 0x00}},
    {0x0031,  // '1'
     {0x00, 0x00, 0x00, 0x00, 0x00, 0x00, 0x00, 0x00, 0x00, 0x00, 0x00, 0x00, 0x00, 0x00, 0x00, 0x00, 0x00, 0x00, 0x00, 0x00, 0x00, 0x03, 0xF8, 0x00,
      0x1F, 0xF8, 0x00, 0x1F, 0xF8, 0x00, 0x1F, 0xF8, 0x00, 0x1C, 0xF8, 0x00, 0x00, 0xF8, 0x00, 0x00, 0xF8, 0x00, 0x00, 0xF8, 0x00, 0x00, 0xF8, 0x00,
      0x00, 0xF8, 0x00, 0x00, 0xF8, 0x00, 0x00, 0xF8, 0x00, 0x00, 0xF8, 0x00, 0x00, 0xF8, 0x00, 0x00, 0xF8, 0x00, 0x00, 0xF8, 0x00, 0x00, 0xF8, 0x00,
      0x00, 0xF8, 0x00, 0x00, 0xF8, 0x00, 0x00, 0xF8, 0x00, 0x1F, 0xFF, 0xC0, 0x1F, 0xFF, 0xC0, 0x1F, 0xFF, 0xC0, 0x1F, 0xFF, 0xC0, 0x00, 0x00, 0x00,
      0x00, 0x00, 0x00, 0x00, 0x00, 0x00, 0x00, 0x00, 0x00, 0x00, 0x00, 0x00, 0x00, 0x00, 0x00, 0x00, 0x00, 0x00, 0x00, 0x00, 0x00, 0x00, 0x00, 0x00}},
    {0x0032,  // '2'
     {0x00, 0x00, 0x00, 0x00, 0x00, 0x00, 0x00, 0x00, 0x00, 0x00, 0x00, 0x00, 0x00, 0x00, 0x00, 0x00, 0x00, 0x00, 0x00, 0x00, 0x00, 0x07, 0xF0, 0x00,
      0x3F, 0xFC, 0x00, 0x3F, 0xFF, 0x00, 0x3F, 0xFF, 0x00, 0x38, 0x1F, 0x80, 0x00, 0x0F, 0x80, 0x00, 0x0F, 0x80, 0x00, 0x0F, 0x80, 0x00, 0x0F, 0x80,
      0x00, 0x0F, 0x00, 0x00, 0x1F, 0x00, 0x00, 0x3E, 0x00, 0x00, 0x7C, 0x00, 0x00, 0xFC, 0x00, 0x01, 0xF8, 0x00, 0x03, 0xF0, 0x00, 0x07, 0xE0, 0x00,
      0x0F, 0xC0, 0x00, 0x1F, 0x80, 0x00, 0x3F, 0x00, 0x00, 0x3F, 0xFF, 0x80, 0x3F, 0xFF, 0x80, 0x3F, 0xFF, 0x80, 0x3F, 0xFF, 0x80, 0x00, 0x00, 0x00,
      0x00, 0x00, 0x00, 0x00, 0x00, 0x00, 0x00, 0x00, 0x00, 0x00, 0x00, 0x00, 0x00, 0x00, 0x00, 0x00, 0x00, 0x00, 0x00, 0x00, 0x00, 0x00, 0x00, 0x00}},
    {0x0033,  // '3'
     {0x00, 0x00, 0x00, 0x00, 0x00, 0x00, 0x00, 0x00, 0x00, 0x00, 0x00, 0x00, 0x00, 0x00, 0x00, 0x00, 0x00, 0x00, 0x00, 0x00, 0x00, 0x07, 0xF8, 0x00,
      0x1F, 0xFE, 0x00, 0x1F, 0xFF, 0x00, 0x1F, 0xFF, 0x80, 0x18, 0x1F, 0x80, 0x00, 0x0F, 0x80, 0x00, 0x07, 0x80, 0x00, 0x0F, 0x80, 0x00, 0x1F, 0x00,
      0x03, 0xFF, 0x00, 0x03, 0xFC, 0x00, 0x03, 0xFC, 0x00, 0x03, 0xFF, 0x00, 0x00, 0x1F, 0x80, 0x00, 0x0F, 0x80, 0x00, 0x07, 0xC0, 0x00, 0x07, 0xC0,
      0x00, 0x07, 0xC0, 0x00, 0x07, 0xC0, 0x30, 0x1F, 0x80, 0x3F, 0xFF, 0x80, 0x3F, 0xFF, 0x00, 0x3F, 0xFE, 0x00, 0x0F, 0xF8, 0x00, 0x00, 0x00, 0x00,
      0x00, 0x00, 0x00, 0x00, 0x00, 0x00, 0x00, 0x00, 0x00, 0x00, 0x00, 0x00, 0x00, 0x00, 0x00, 0x00, 0x00, 0x00, 0x00, 0x00, 0x00, 0x00, 0x00, 0x00}},
    {0x0034,  // '4'
     {0x00, 0x00, 0x00, 0x00, 0x00, 0x00, 0x00, 0x00, 0x00, 0x00, 0x00, 0x00, 0x00, 0x00, 0x00, 0x00, 0x00, 0x00, 0x00, 0x00, 0x00, 0x00, 0x3F, 0x00,
      0x00, 0x3F, 0x00, 0x00, 0x7F, 0x00, 0x00, 0x7F, 0x00, 0x00, 0xFF, 0x00, 0x01, 0xFF, 0x00, 0x01, 0xDF, 0x00, 0x03, 0xDF, 0x00, 0x07, 0x9F, 0x00,
      0x07, 0x9F, 0x00, 0x0F, 0x1F, 0x00, 0x1E, 0x1F, 0x00, 0x1E, 0x1F, 0x00, 0x3C, 0x1F, 0x00, 0x38, 0x1F, 0x00, 0x3F, 0xFF, 0xC0, 0x3F, 0xFF, 0xC0,
      0x3F, 0xFF, 0xC0, 0x3F, 0xFF, 0xC0, 0x00, 0x1F, 0x00, 0x00, 0x1F, 0x00, 0x00, 0x1F, 0x00, 0x00, 0x1F, 0x00, 0x00, 0x1F, 0x00, 0x00, 0x00, 0x00,
      0x00, 0x00, 0x00, 0x00, 0x00, 0x00, 0x00, 0x00, 0x00, 0x00, 0x00, 0x00, 0x00, 0x00, 0x00, 0x00, 0x00, 0x00, 0x00, 0x00, 0x00, 0x00, 0x00, 0x00}},
    {0x0035,  // '5'
     {0x00, 0x00, 0x00, 0x00, 0x00, 0x00, 0x00, 0x00, 0x00, 0x00, 0x00, 0x00, 0x00, 0x00, 0x00, 0x00, 0x00, 0x00, 0x00, 0x00, 0x00, 0x1F, 0xFF, 0x00,
      0x1F, 0xFF, 0x00, 0x1F, 0xFF, 0x00, 0x1F, 0xFF, 0x00, 0x1E, 0x00, 0x00, 0x1E, 0x00, 0x00, 0x1E, 0x00, 0x00, 0x1E, 0x00, 0x00, 0x1F, 0xF8, 0x00,
      0x1F, 0xFE, 0x00, 0x1F, 0xFF, 0x00, 0x1F, 0xFF, 0x00, 0x18, 0x1F, 0x80, 0x00, 0x0F, 0x80, 0x00, 0x07, 0x80, 0x00, 0x07, 0xC0, 0x00, 0x07, 0xC0,
      0x00, 0x07, 0x80, 0x00, 0x0F, 0x80, 0x30, 0x1F, 0x80, 0x3F, 0xFF, 0x00, 0x3F, 0xFF, 0x00, 0x3F, 0xFC, 0x00, 0x0F, 0xF0, 0x00, 0x00, 0x00, 0x00,
      0x00, 0x00, 0x00, 0x00, 0x00, 0x00, 0x00, 0x00, 0x00, 0x00, 0x00, 0x00, 0x00, 0x00, 0x00, 0x00, 0x00, 0x00, 0x00, 0x00, 0x00, 0x00, 0x00, 0x00}},
    {0x0036,  // '6'
     {0x00, 0x00, 0x00, 0x00, 0x00, 0x00, 0x00, 0x00, 0x00, 0x00, 0x00, 0x00, 0x00, 0x00, 0x00, 0x00, 0x00, 0x00, 0x00, 0x00, 0x00, 0x00, 0xFE, 0x00,
      0x03, 0xFF, 0x80, 0x07, 0xFF, 0x80, 0x0F, 0xFF, 0x80, 0x0F, 0x81, 0x80, 0x1F, 0x00, 0x00, 0x1E, 0x00, 0x00, 0x1E, 0x00, 0x00, 0x3E, 0x7C, 0x00,
      0x3F, 0xFF, 0x00, 0x3F, 0xFF, 0x80, 0x3F, 0xFF, 0x80, 0x3F, 0x8F, 0xC0, 0x3F, 0x07, 0xC0, 0x3E, 0x07, 0xC0, 0x3E, 0x03, 0xC0, 0x3E, 0x07, 0xC0,
      0x1E, 0x07, 0xC0, 0x1F, 0x07, 0xC0, 0x1F, 0x8F, 0x80, 0x0F, 0xFF, 0x80, 0x0F, 0xFF, 0x00, 0x07, 0xFE, 0x00, 0x01, 0xF8, 0x00, 0x00, 0x00, 0x00,
      0x00, 0x00, 0x00, 0x00, 0x00, 0x00, 0x00, 0x00, 0x00, 0x00, 0x00, 0x00, 0x00, 0x00, 0x00, 0x00, 0x00, 0x00, 0x00, 0x00, 0x00, 0x00, 0x00, 0x00}},
    {0x0037,  // '7'
     {0x00, 0x00, 0x00, 0x00, 0x00, 0x00, 0x00, 0x00, 0x00, 0x00, 0x00, 0x00, 0x00, 0x00, 0x00, 0x00, 0x00, 0x00, 0x00, 0x00, 0x00, 0x3F, 0xFF, 0x80,
      0x3F, 0xFF, 0x80, 0x3F, 0xFF, 0x80, 0x3F, 0xFF, 0x80, 0x00, 0x0F, 0x80, 0x00, 0x0F, 0x80, 0x00, 0x1F, 0x00, 0x00, 0x1F, 0x00, 0x00, 0x3E, 0x00,
      0x00, 0x3E, 0x00, 0x00, 0x3E, 0x00, 0x00, 0x7C, 0x00, 0x00, 0x7C, 0x00, 0x00, 0xF8, 0x00, 0x00, 0xF8, 0x00, 0x00, 0xF8, 0x00, 0x01, 0xF0, 0x00,
      0x01, 0xF0, 0x00, 0x01, 0xE0, 0x00, 0x03, 0xE0, 0x00, 0x03, 0xE0, 0x00, 0x07, 0xC0, 0x00, 0x07, 0xC0, 0x00, 0x07, 0x80, 0x00, 0x00, 0x00, 0x00,
      0x00, 0x00, 0x00, 0x00, 0x00, 0x00, 0x00, 0x00, 0x00, 0x00, 0x00, 0x00, 0x00, 0x00, 0x00, 0x00, 0x00, 0x00, 0x00, 0x00, 0x00, 0x00, 0x00, 0x00}},
    {0x0038,  // '8'
     {0x00, 0x00, 0x00, 0x00, 0x00, 0x00, 0x00, 0x00, 0x00, 0x00, 0x00, 0x00, 0x00, 0x00, 0x00, 0x00, 0x00, 0x00, 0x00, 0x00, 0x00, 0x01, 0xF8, 0x00,
      0x07, 0xFE, 0x00, 0x0F, 0xFF, 0x00, 0x1F, 0xFF, 0x80, 0x1F, 0x0F, 0x80, 0x1E, 0x07, 0x80, 0x1E, 0x07, 0x80, 0x1E, 0x07, 0x80, 0x1F, 0x0F, 0x80,
      0x0F, 0xFF, 0x00, 0x03, 0xFC, 0x00, 0x07, 0xFE, 0x00, 0x0F, 0xFF, 0x00, 0x1F, 0x0F, 0x80, 0x3E, 0x07, 0x80, 0x3E, 0x07, 0xC0, 0x3C, 0x07, 0xC0,
      0x3E, 0x07, 0xC0, 0x3E, 0x07, 0xC0, 0x3F, 0x0F, 0x80, 0x1F, 0xFF, 0x80, 0x0F, 0xFF, 0x00, 0x07, 0xFE, 0x00, 0x01, 0xF8, 0x00, 0x00, 0x00, 0x00,
      0x00, 0x00, 0x00, 0x00, 0x00, 0x00, 0x00, 0x00, 0x00, 0x00, 0x00, 0x00, 0x00, 0x00, 0x00, 0x00, 0x00, 0x00, 0x00, 0x00, 0x00, 0x00, 0x00, 0x00}},
    {0x0039,  // '9'
     {0x00, 0x00, 0x00, 0x00, 0x00, 0x00, 0x00, 0x00, 0x00, 0x00, 0x00, 0x00, 0x00, 0x00, 0x00, 0x00, 0x00, 0x00, 0x00, 0x00, 0x00, 0x03, 0xF0, 0x00,
      0x07, 0xFC, 0x00, 0x0F, 0xFE, 0x00, 0x1F, 0xFF, 0x00, 0x3F, 0x1F, 0x80, 0x3E, 0x0F, 0x80, 0x3C, 0x0F, 0x80, 0x3C, 0x07, 0x80, 0x3C, 0x07, 0xC0,
      0x3C, 0x0F, 0xC0, 0x3E, 0x0F, 0xC0, 0x3F, 0x1F, 0xC0, 0x1F, 0xFF, 0xC0, 0x1F, 0xFF, 0xC0, 0x0F, 0xFF, 0xC0, 0x03, 0xE7, 0x80, 0x00, 0x07, 0x80,
      0x00, 0x0F, 0x80, 0x00, 0x0F, 0x80, 0x18, 0x3F, 0x00, 0x1F, 0xFF, 0x00, 0x1F, 0xFE, 0x00, 0x1F, 0xFC, 0x00, 0x07, 0xE0, 0x00, 0x00, 0x00, 0x00,
      0x00, 0x00, 0x00, 0x00, 0x00, 0x00, 0x00, 0x00, 0x00, 0x00, 0x00, 0x00, 0x00, 0x00, 0x00, 0x00, 0x00, 0x00, 0x00, 0x00, 0x00, 0x00, 0x00, 0x00}},
    {0x003A,  // ':'
     {0x00, 0x00, 0x00, 0x00, 0x00, 0x00, 0x00, 0x00, 0x00, 0x00, 0x00, 0x00, 0x00, 0x00, 0x00, 0x00, 0x00, 0x00, 0x00, 0x00, 0x00, 0x00, 0x00, 0x00,
      0x00, 0x00, 0x00, 0x00, 0x00, 0x00, 0x00, 0x00, 0x00, 0x00, 0x00, 0x00, 0x00, 0x00, 0x00, 0x00, 0x00, 0x00, 0x01, 0xF8, 0x00, 0x01, 0xF8, 0x00,
      0x01, 0xF8, 0x00, 0x01, 0xF8, 0x00, 0x01, 0xF8, 0x00, 0x01, 0xF8, 0x00, 0x00, 0x00, 0x00, 0x00, 0x00, 0x00, 0x00, 0x00, 0x00, 0x00, 0x00, 0x00,
      0x00, 0x00, 0x00, 0x01, 0xF8, 0x00, 0x01, 0xF8, 0x00, 0x01, 0xF8, 0x00, 0x01, 0xF8, 0x00, 0x01, 0xF8, 0x00, 0x01, 0xF8, 0x00, 0x00, 0x00, 0x00,
      0x00, 0x00, 0x00, 0x00, 0x00, 0x00, 0x00, 0x00, 0x00, 0x00, 0x00, 0x00, 0x00, 0x00, 0x00, 0x00, 0x00, 0x00, 0x00, 0x00, 0x00, 0x00, 0x00, 0x00}},
    {0x003B,  // ';'
     {0x00, 0x00, 0x00, 0x00, 0x00, 0x00, 0x00, 0x00, 0x00, 0x00, 0x00, 0x00, 0x00, 0x00, 0x00, 0x00, 0x00, 0x00, 0x00, 0x00, 0x00, 0x00, 0x00, 0x00,
      0x00, 0x00, 0x00, 0x00, 0x00, 0x00, 0x00, 0x00, 0x00, 0x00, 0x00, 0x00, 0x00, 0x00, 0x00, 0x00, 0x00, 0x00, 0x01, 0xF8, 0x00, 0x01, 0xF8, 0x00,
      0x01, 0xF8, 0x00, 0x01, 0xF8, 0x00, 0x01, 0xF8, 0x00, 0x01, 0xF8, 0x00, 0x00, 0x00, 0x00, 0x00, 0x00, 0x00, 0x00, 0x00, 0x00, 0x00, 0x00, 0x00,
      0x00, 0x00, 0x00, 0x01, 0xF8, 0x00, 0x01, 0xF8, 0x00, 0x01, 0xF8, 0x00, 0x01, 0xF8, 0x00, 0x01, 0xF8, 0x00, 0x01, 0xF0, 0x00, 0x01, 0xF0, 0x00,
      0x01, 0xE0, 0x00, 0x03, 0xE0, 0x00, 0x03, 0xC0, 0x00, 0x03, 0xC0, 0x00, 0x00, 0x00, 0x00, 0x00, 0x00, 0x00, 0x00, 0x00, 0x00, 0x00, 0x00, 0x00}},
    {0x003C,  // '<'
     {0x00, 0x00, 0x00, 0x00, 0x00, 0x00, 0x00, 0x00, 0x00, 0x00, 0x00, 0x00, 0x00, 0x00, 0x00, 0x00, 0x00, 0x00, 0x00, 0x00, 0x00, 0x00, 0x00, 0x00,
      0x00, 0x00, 0x00, 0x00, 0x00, 0x00, 0x00, 0x00, 0x00, 0x00, 0x00, 0x00, 0x00, 0x00, 0x40, 0x00, 0x01, 0xC0, 0x00, 0x0F, 0xC0, 0x00, 0x7F, 0xC0,
      0x01, 0xFF, 0x80, 0x0F, 0xFC, 0x00, 0x3F, 0xE0, 0x00, 0x7F, 0x80, 0x00, 0x7C, 0x00, 0x00, 0x7F, 0x00, 0x00, 0x3F, 0xE0, 0x00, 0x0F, 0xFC, 0x00,
      0x01, 0xFF, 0x80, 0x00, 0x7F, 0xC0, 0x00, 0x0F, 0xC0, 0x00, 0x01, 0xC0, 0x00, 0x00, 0x40, 0x00, 0x00, 0x00, 0x00, 0x00, 0x00, 0x00, 0x00, 0x00,
      0x00, 0x00, 0x00, 0x00, 0x00, 0x00, 0x00, 0x00, 0x00, 0x00, 0x00, 0x00, 0x00, 0x00, 0x00, 0x00, 0x00, 0x00, 0x00, 0x00, 0x00, 0x00, 0x00, 0x00}},
    {0x003D,  // '='
     {0x00, 0x00, 0x00, 0x00, 0x00, 0x00, 0x00, 0x00, 0x00, 0x00, 0x00, 0x00, 0x00, 0x00, 0x00, 0x00, 0x00, 0x00, 0x00, 0x00, 0x00, 0x00, 0x00, 0x00,
      0x00, 0x00, 0x00, 0x00, 0x00, 0x00, 0x00, 0x00, 0x00, 0x00, 0x00, 0x00, 0x00, 0x00, 0x00, 0x00, 0x00, 0x00, 0x7F, 0xFF, 0xC0, 0x7F, 0xFF, 0xC0,
      0x7F, 0xFF, 0xC0, 0x7F, 0xFF, 0xC0, 0x00, 0x00, 0x00, 0x00, 0x00, 0x00, 0x00, 0x00, 0x00, 0x00, 0x00, 0x00, 0x7F, 0xFF, 0xC0, 0x7F, 0xFF, 0xC0,
      0x7F, 0xFF, 0xC0, 0x7F, 0xFF, 0xC0, 0x00, 0x00, 0x00, 0x00, 0x00, 0x00, 0x00, 0x00, 0x00, 0x00, 0x00, 0x00, 0x00, 0x00, 0x00, 0x00, 0x00, 0x00,
      0x00, 0x00, 0x00, 0x00, 0x00, 0x00, 0x00, 0x00, 0x00, 0x00, 0x00, 0x00, 0x00, 0x00, 0x00, 0x00, 0x00, 0x00, 0x00, 0x00, 0x00, 0x00, 0x00, 0x00}},
    {0x003E,  // '>'
     {0x00, 0x00, 0x00, 0x00, 0x00, 0x00, 0x00, 0x00, 0x00, 0x00, 0x00, 0x00, 0x00, 0x00, 0x00, 0x00, 0x00, 0x00, 0x00, 0x00, 0x00, 0x00, 0x00, 0x00,
      0x00, 0x00, 0x00, 0x00, 0x00, 0x00, 0x00, 0x00, 0x00, 0x00, 0x00, 0x00, 0x60, 0x00, 0x00, 0x78, 0x00, 0x00, 0x7F, 0x00, 0x00, 0x7F, 0xC0, 0x00,
      0x1F, 0xF8, 0x00, 0x03, 0xFF, 0x00, 0x00, 0x7F, 0xC0, 0x00, 0x1F, 0xC0, 0x00, 0x03, 0xC0, 0x00, 0x1F, 0xC0, 0x00, 0x7F, 0xC0, 0x03, 0xFF, 0x00,
      0x1F, 0xF8, 0x00, 0x7F, 0xC0, 0x00, 0x7F, 0x00, 0x00, 0x78, 0x00, 0x00, 0x60, 0x00, 0x00, 0x00, 0x00, 0x00, 0x00, 0x00, 0x00, 0x00, 0x00, 0x00,
      0x00, 0x00, 0x00, 0x00, 0x00, 0x00, 0x00, 0x00, 0x00, 0x00, 0x00, 0x00, 0x00, 0x00, 0x00, 0x00, 0x00, 0x00, 0x00, 0x00, 0x00, 0x00, 0x00, 0x00}},
    {0x003F,  // '?'
     {0x00, 0x00, 0x00, 0x00, 0x00, 0x00, 0x00, 0x00, 0x00, 0x00, 0x00, 0x00, 0x00, 0x00, 0x00, 0x00, 0x00, 0x00, 0x00, 0x00, 0x00, 0x01, 0xF8, 0x00,
      0x07, 0xFE, 0x00, 0x0F, 0xFF, 0x00, 0x0F, 0xFF, 0x80, 0x0E, 0x0F, 0x80, 0x08, 0x0F, 0x80, 0x00, 0x0F, 0x80, 0x00, 0x0F, 0x80, 0x00, 0x1F, 0x00,
      0x00, 0x3E, 0x00, 0x00, 0x7C, 0x00, 0x00, 0xF8, 0x00, 0x01, 0xF0, 0x00, 0x01, 0xF0, 0x00, 0x01, 0xE0, 0x00, 0x01, 0xE0, 0x00, 0x01, 0xE0, 0x00,
      0x00, 0x00, 0x00, 0x00, 0x00, 0x00, 0x01, 0xE0, 0x00, 0x01, 0xE0, 0x00, 0x01, 0xE0, 0x00, 0x01, 0xE0, 0x00, 0x01, 0xE0, 0x00, 0x00, 0x00, 0x00,
      0x00, 0x00, 0x00, 0x00, 0x00, 0x00, 0x00, 0x00, 0x00, 0x00, 0x00, 0x00, 0x00, 0x00, 0x00, 0x00, 0x00, 0x00, 0x00, 0x00, 0x00, 0x00, 0x00, 0x00}},
    {0x0040,  // '@'
     {0x00, 0x00, 0x00, 0x00, 0x00, 0x00, 0x00, 0x00, 0x00, 0x00, 0x00, 0x00, 0x00, 0x00, 0x00, 0x00, 0x00, 0x00, 0x00, 0x00, 0x00, 0x00, 0x00, 0x00,
      0x00, 0x00, 0x00, 0x00, 0xFC, 0x00, 0x03, 0xFF, 0x00, 0x0F, 0xFF, 0x80, 0x1F, 0x87, 0xC0, 0x1E, 0x03, 0xC0, 0x3C, 0x01, 0xC0, 0x38, 0x01, 0xE0,
      0x78, 0x3D, 0xE0, 0x70, 0xFF, 0xE0, 0x71, 0xFF, 0xE0, 0xF1, 0xE3, 0xE0, 0xE1, 0xC1, 0xE0, 0xE3, 0xC1, 0xE0, 0xE3, 0xC0, 0xE0, 0xE3, 0xC0, 0xE0,
      0xE3, 0xC1, 0xE0, 0xE1, 0xC1, 0xE0, 0xF1, 0xE3, 0xE0, 0x71, 0xFF, 0xE0, 0x70, 0xFF, 0xE0, 0x78, 0x3C, 0xE0, 0x38, 0x00, 0x00, 0x3C, 0x00, 0x00,
      0x1E, 0x00, 0x80, 0x0F, 0x81, 0xC0, 0x07, 0xFF, 0xC0, 0x03, 0xFF, 0xC0, 0x00, 0x7F, 0x00, 0x00, 0x00, 0x00, 0x00, 0x00, 0x00, 0x00, 0x00, 0x00}},
    {0x0041,  // 'A'
     {0x00, 0x00, 0x00, 0x00, 0x00, 0x00, 0x00, 0x00, 0x00, 0x00, 0x00, 0x00, 0x00, 0x00, 0x00, 0x00, 0x00, 0x00, 0x00, 0x00, 0x00, 0x01, 0xF8, 0x00,
      0x01, 0xF8, 0x00, 0x03, 0xFC, 0x00, 0x03, 0xFC, 0x00, 0x03, 0xFC, 0x00, 0x03, 0xFC, 0x00, 0x07, 0xBE, 0x00, 0x07, 0x9E, 0x00, 0x07, 0x9E, 0x00,
      0x0F, 0x9E, 0x00, 0x0F, 0x1F, 0x00, 0x0F, 0x0F, 0x00, 0x0F, 0x0F, 0x00, 0x1F, 0x0F, 0x00, 0x1F, 0xFF, 0x80, 0x1F, 0xFF, 0x80, 0x1F, 0xFF, 0x80,
      0x3F, 0xFF, 0xC0, 0x3E, 0x07, 0xC0, 0x3C, 0x07, 0xC0, 0x7C, 0x03, 0xC0, 0x7C, 0x03, 0xE0, 0x7C, 0x03, 0xE0, 0x78, 0x03, 0xE0, 0x00, 0x00, 0x00,
      0x00, 0x00, 0x00, 0x00, 0x00, 0x00, 0x00, 0x00, 0x00, 0x00, 0x00, 0x00, 0x00, 0x00, 0x00, 0x00, 0x00, 0x00, 0x00, 0x00, 0x00, 0x00, 0x00, 0x00}},
    {0x0042,  // 'B'
     {0x00, 0x00, 0x00, 0x00, 0x00, 0x00, 0x00, 0x00, 0x00, 0x00, 0x00, 0x00, 0x00, 0x00, 0x00, 0x00, 0x00, 0x00, 0x00, 0x00, 0x00, 0x3F, 0xFC, 0x00,
      0x3F, 0xFF, 0x00, 0x3F, 0xFF, 0x80, 0x3F, 0xFF, 0x80, 0x3E, 0x0F, 0xC0, 0x3E, 0x07, 0xC0, 0x3E, 0x07, 0xC0, 0x3E, 0x07, 0xC0, 0x3E, 0x0F, 0x80,
      0x3F, 0xFF, 0x80, 0x3F, 0xFE, 0x00, 0x3F, 0xFE, 0x00, 0x3F, 0xFF, 0x80, 0x3E, 0x0F, 0xC0, 0x3E, 0x07, 0xC0, 0x3E, 0x03, 0xC0, 0x3E, 0x03, 0xE0,
      0x3E, 0x03, 0xE0, 0x3E, 0x07, 0xE0, 0x3E, 0x0F, 0xC0, 0x3F, 0xFF, 0xC0, 0x3F, 0xFF, 0x80, 0x3F, 0xFF, 0x00, 0x3F, 0xFC, 0x00, 0x00, 0x00, 0x00,
      0x00, 0x00, 0x00, 0x00, 0x00, 0x00, 0x00, 0x00, 0x00, 0x00, 0x00, 0x00, 0x00, 0x00, 0x00, 0x00, 0x00, 0x00, 0x00, 0x00, 0x00, 0x00, 0x00, 0x00}},
    {0x0043,  // 'C'
     {0x00, 0x00, 0x00, 0x00, 0x00, 0x00, 0x00, 0x00, 0x00, 0x00, 0x00, 0x00, 0x00, 0x00, 0x00, 0x00, 0x00, 0x00, 0x00, 0x00, 0x00, 0x00, 0x7F, 0x00,
      0x01, 0xFF, 0x80, 0x03, 0xFF, 0x80, 0x07, 0xFF, 0x80, 0x0F, 0xC1, 0x80, 0x0F, 0x80, 0x00, 0x1F, 0x00, 0x00, 0x1F, 0x00, 0x00, 0x1F, 0x00, 0x00,
      0x1F, 0x00, 0x00, 0x1E, 0x00, 0x00, 0x3E, 0x00, 0x00, 0x3E, 0x00, 0x00, 0x1E, 0x00, 0x00, 0x1F, 0x00, 0x00, 0x1F, 0x00, 0x00, 0x1F, 0x00, 0x00,
      0x1F, 0x00, 0x00, 0x0F, 0x80, 0x00, 0x0F, 0xC1, 0x80, 0x07, 0xFF, 0x80, 0x03, 0xFF, 0x80, 0x01, 0xFF, 0x80, 0x00, 0x7F, 0x00, 0x00, 0x00, 0x00,
      0x00, 0x00, 0x00, 0x00, 0x00, 0x00, 0x00, 0x00, 0x00, 0x00, 0x00, 0x00, 0x00, 0x00, 0x00, 0x00, 0x00, 0x00, 0x00, 0x00, 0x00, 0x00, 0x00, 0x00}},
    {0x0044,  // 'D'
     {0x00, 0x00, 0x00, 0x00, 0x00, 0x00, 0x00, 0x00, 0x00, 0x00, 0x00, 0x00, 0x00, 0x00, 0x00, 0x00, 0x00, 0x00, 0x00, 0x00, 0x00, 0x3F, 0xE0, 0x00,
      0x3F, 0xFC, 0x00, 0x3F, 0xFE, 0x00, 0x3F, 0xFF, 0x00, 0x3E, 0x1F, 0x80, 0x3E, 0x0F, 0x80, 0x3E, 0x07, 0xC0, 0x3E, 0x07, 0xC0, 0x3E, 0x07, 0xC0,
      0x3E, 0x07, 0xC0, 0x3E, 0x07, 0xC0, 0x3E, 0x07, 0xC0, 0x3E, 0x07, 0xC0, 0x3E, 0x07, 0xC0, 0x3E, 0x07, 0xC0, 0x3E, 0x07, 0xC0, 0x3E, 0x07, 0xC0,
      0x3E, 0x07, 0xC0, 0x3E, 0x0F, 0x80, 0x3E, 0x1F, 0x80, 0x3F, 0xFF, 0x00, 0x3F, 0xFE, 0x00, 0x3F, 0xFC, 0x00, 0x3F, 0xE0, 0x00, 0x00, 0x00, 0x00,
      0x00, 0x00, 0x00, 0x00, 0x00, 0x00, 0x00, 0x00, 0x00, 0x00, 0x00, 0x00, 0x00, 0x00, 0x00, 0x00, 0x00, 0x00, 0x00, 0x00, 0x00, 0x00, 0x00, 0x00}},
    {0x0045,  // 'E'
     {0x00, 0x00, 0x00, 0x00, 0x00, 0x00, 0x00, 0x00, 0x00, 0x00, 0x00, 0x00, 0x00, 0x00, 0x00, 0x00, 0x00, 0x00, 0x00, 0x00, 0x00, 0x1F, 0xFF, 0xC0,
      0x1F, 0xFF, 0xC0, 0x1F, 0xFF, 0xC0, 0x1F, 0xFF, 0xC0, 0x1E, 0x00, 0x00, 0x1E, 0x00, 0x00, 0x1E, 0x00, 0x00, 0x1E, 0x00, 0x00, 0x1E, 0x00, 0x00,
      0x1F, 0xFF, 0x80, 0x1F, 0xFF, 0x80, 0x1F, 0xFF, 0x80, 0x1F, 0xFF, 0x80, 0x1E, 0x00, 0x00, 0x1E, 0x00, 0x00, 0x1E, 0x00, 0x00, 0x1E, 0x00, 0x00,
      0x1E, 0x00, 0x00, 0x1E, 0x00, 0x00, 0x1E, 0x00, 0x00, 0x1F, 0xFF, 0xC0, 0x1F, 0xFF, 0xC0, 0x1F, 0xFF, 0xC0, 0x1F, 0xFF, 0xC0, 0x00, 0x00, 0x00,
      0x00, 0x00, 0x00, 0x00, 0x00, 0x00, 0x00, 0x00, 0x00, 0x00, 0x00, 0x00, 0x00, 0x00, 0x00, 0x00, 0x00, 0x00, 0x00, 0x00, 0x00, 0x00, 0x00, 0x00}},
    {0x0046,  // 'F'
     {0x00, 0x00, 0x00, 0x00, 0x00, 0x00, 0x00, 0x00, 0x00, 0x00, 0x00, 0x00, 0x00, 0x00, 0x00, 0x00, 0x00, 0x00, 0x00, 0x00, 0x00, 0x1F, 0xFF, 0xC0,
      0x1F, 0xFF, 0xC0, 0x1F, 0xFF, 0xC0, 0x1F, 0xFF, 0xC0, 0x1F, 0x00, 0x00, 0x1F, 0x00, 0x00, 0x1F, 0x00, 0x00, 0x1F, 0x00, 0x00, 0x1F, 0x00, 0x00,
      0x1F, 0xFF, 0x80, 0x1F, 0xFF, 0x80, 0x1F, 0xFF, 0x80, 0x1F, 0xFF, 0x80, 0x1F, 0x00, 0x00, 0x1F, 0x00, 0x00, 0x1F, 0x00, 0x00, 0x1F, 0x00, 0x00,
      0x1F, 0x00, 0x00, 0x1F, 0x00, 0x00, 0x1F, 0x00, 0x00, 0x1F, 0x00, 0x00, 0x1F, 0x00, 0x00, 0x1F, 0x00, 0x00, 0x1F, 0x00, 0x00, 0x00, 0x00, 0x00,
      0x00, 0x00, 0x00, 0x00, 0x00, 0x00, 0x00, 0x00, 0x00, 0x00, 0x00, 0x00, 0x00, 0x00, 0x00, 0x00, 0x00, 0x00, 0x00, 0x00, 0x00, 0x00, 0x00, 0x00}},
    {0x0047,  // 'G'
     {0x00, 0x00, 0x00, 0x00, 0x00, 0x00, 0x00, 0x00, 0x00, 0x00, 0x00, 0x00, 0x00, 0x00, 0x00, 0x00, 0x00, 0x00, 0x00, 0x00, 0x00, 0x00, 0x7E, 0x00,
      0x03, 0xFF, 0x80, 0x07, 0xFF, 0x80, 0x0F, 0xFF, 0x80, 0x0F, 0xC3, 0x80, 0x1F, 0x80, 0x80, 0x1F, 0x00, 0x00, 0x3E, 0x00, 0x00, 0x3E, 0x00, 0x00,
      0x3E, 0x00, 0x00, 0x3E, 0x00, 0x00, 0x3E, 0x1F, 0xC0, 0x3E, 0x1F, 0xC0, 0x3E, 0x1F, 0xC0, 0x3E, 0x1F, 0xC0, 0x3E, 0x03, 0xC0, 0x3E, 0x03, 0xC0,
      0x1F, 0x03, 0xC0, 0x1F, 0x83, 0xC0, 0x0F, 0xC3, 0xC0, 0x0F, 0xFF, 0xC0, 0x07, 0xFF, 0xC0, 0x03, 0xFF, 0x80, 0x00, 0xFE, 0x00, 0x00, 0x00, 0x00,
      0x00, 0x00, 0x00, 0x00, 0x00, 0x00, 0x00, 0x00, 0x00, 0x00, 0x00, 0x00, 0x00, 0x00, 0x00, 0x00, 0x00, 0x00, 0x00, 0x00, 0x00, 0x00, 0x00, 0x00}},
    {0x0048,  // 'H'
     {0x00, 0x00, 0x00, 0x00, 0x00, 0x00, 0x00, 0x00, 0x00, 0x00, 0x00, 0x00, 0x00, 0x00, 0x00, 0x00, 0x00, 0x00, 0x00, 0x00, 0x00, 0x3E, 0x07, 0xC0,
      0x3E, 0x07, 0xC0, 0x3E, 0x07, 0xC0, 0x3E, 0x07, 0xC0, 0x3E, 0x07, 0xC0, 0x3E, 0x07, 0xC0, 0x3E, 0x07, 0xC0, 0x3E, 0x07, 0xC0, 0x3E, 0x07, 0xC0,
      0x3F, 0xFF, 0xC0, 0x3F, 0xFF, 0xC0, 0x3F, 0xFF, 0xC0, 0x3F, 0xFF, 0xC0, 0x3E, 0x07, 0xC0, 0x3E, 0x07, 0xC0, 0x3E, 0x07, 0xC0, 0x3E, 0x07, 0xC0,
      0x3E, 0x07, 0xC0, 0x3E, 0x07, 0xC0, 0x3E, 0x07, 0xC0, 0x3E, 0x07, 0xC0, 0x3E, 0x07, 0xC0, 0x3E, 0x07, 0xC0, 0x3E, 0x07, 0xC0, 0x00, 0x00, 0x00,
      0x00, 0x00, 0x00, 0x00, 0x00, 0x00, 0x00, 0x00, 0x00, 0x00, 0x00, 0x00, 0x00, 0x00, 0x00, 0x00, 0x00, 0x00, 0x00, 0x00, 0x00, 0x00, 0x00, 0x00}},
    {0x0049,  // 'I'
     {0x00, 0x00, 0x00, 0x00, 0x00, 0x00, 0x00, 0x00, 0x00, 0x00, 0x00, 0x00, 0x00, 0x00, 0x00, 0x00, 0x00, 0x00, 0x00, 0x00, 0x00, 0x1F, 0xFF, 0x80,
      0x1F, 0xFF, 0x80, 0x1F, 0xFF, 0x80, 0x1F, 0xFF, 0x80, 0x00, 0xF0, 0x00, 0x00, 0xF0, 0x00, 0x00, 0xF0, 0x00, 0x00, 0xF0, 0x00, 0x00, 0xF0, 0x00,
      0x00, 0xF0, 0x00, 0x00, 0xF0, 0x00, 0x00, 0xF0, 0x00, 0x00, 0xF0, 0x00, 0x00, 0xF0, 0x00, 0x00, 0xF0, 0x00, 0x00, 0xF0, 0x00, 0x00, 0xF0, 0x00,
      0x00, 0xF0, 0x00, 0x00, 0xF0, 0x00, 0x00, 0xF0, 0x00, 0x1F, 0xFF, 0x80, 0x1F, 0xFF, 0x80, 0x1F, 0xFF, 0x80, 0x1F, 0xFF, 0x80, 0x00, 0x00, 0x00,
      0x00, 0x00, 0x00, 0x00, 0x00, 0x00, 0x00, 0x00, 0x00, 0x00, 0x00, 0x00, 0x00, 0x00, 0x00, 0x00, 0x00, 0x00, 0x00, 0x00, 0x00, 0x00, 0x00, 0x00}},
    {0x004A,  // 'J'
     {0x00, 0x00, 0x00, 0x00, 0x00, 0x00, 0x00, 0x00, 0x00, 0x00, 0x00, 0x00, 0x00, 0x00, 0x00, 0x00, 0x00, 0x00, 0x00, 0x00, 0x00, 0x03, 0xFF, 0x00,
      0x03, 0xFF, 0x00, 0x03, 0xFF, 0x00, 0x03, 0xFF, 0x00, 0x00, 0x1F, 0x00, 0x00, 0x1F, 0x00, 0x00, 0x1F, 0x00, 0x00, 0x1F, 0x00, 0x00, 0x1F, 0x00,
      0x00, 0x1F, 0x00, 0x00, 0x1F, 0x00, 0x00, 0x1F, 0x00, 0x00, 0x1F, 0x00, 0x00, 0x1F, 0x00, 0x00, 0x1F, 0x00, 0x00, 0x1F, 0x00, 0x00, 0x1F, 0x00,
      0x00, 0x1F, 0x00, 0x30, 0x1F, 0x00, 0x38, 0x3F, 0x00, 0x3F, 0xFE, 0x00, 0x3F, 0xFE, 0x00, 0x1F, 0xFC, 0x00, 0x07, 0xF0, 0x00, 0x00, 0x00, 0x00,
      0x00, 0x00, 0x00, 0x00, 0x00, 0x00, 0x00, 0x00, 0x00, 0x00, 0x00, 0x00, 0x00, 0x00, 0x00, 0x00, 0x00, 0x00, 0x00, 0x00, 0x00, 0x00, 0x00, 0x00}},
    {0x004B,  // 'K'
     {0x00, 0x00, 0x00, 0x00, 0x00, 0x00, 0x00, 0x00, 0x00, 0x00, 0x00, 0x00, 0x00, 0x00, 0x00, 0x00, 0x00, 0x00, 0x00, 0x00, 0x00, 0x3E, 0x03, 0xE0,
      0x3E, 0x07, 0xC0, 0x3E, 0x0F, 0x80, 0x3E, 0x1F, 0x80, 0x3E, 0x1F, 0x00, 0x3E, 0x3E, 0x00, 0x3E, 0x7C, 0x00, 0x3E, 0xF8, 0x00, 0x3F, 0xF8, 0x00,
      0x3F, 0xF0, 0x00, 0x3F, 0xF0, 0x00, 0x3F, 0xF8, 0x00, 0x3F, 0xFC, 0x00, 0x3F, 0xFC, 0x00, 0x3F, 0x7E, 0x00, 0x3E, 0x3E, 0x00, 0x3E, 0x3F, 0x00,
      0x3E, 0x1F, 0x00, 0x3E, 0x0F, 0x80, 0x3E, 0x0F, 0x80, 0x3E, 0x07, 0xC0, 0x3E, 0x07, 0xC0, 0x3E, 0x03, 0xE0, 0x3E, 0x03, 0xE0, 0x00, 0x00, 0x00,
      0x00, 0x00, 0x00, 0x00, 0x00, 0x00, 0x00, 0x00, 0x00, 0x00, 0x00, 0x00, 0x00, 0x00, 0x00, 0x00, 0x00, 0x00, 0x00, 0x00, 0x00, 0x00, 0x00, 0x00}},
    {0x004C,  // 'L'
     {0x00, 0x00, 0x00, 0x00, 0x00, 0x00, 0x00, 0x00, 0x00, 0x00, 0x00, 0x00, 0x00, 0x00, 0x00, 0x00, 0x00, 0x00, 0x00, 0x00, 0x00, 0x0F, 0x00, 0x00,
      0x0F, 0x00, 0x00, 0x0F, 0x00, 0x00, 0x0F, 0x00, 0x00, 0x0F, 0x00, 0x00, 0x0F, 0x00, 0x00, 0x0F, 0x00, 0x00, 0x0F, 0x00, 0x00, 0x0F, 0x00, 0x00,
      0x0F, 0x00, 0x00, 0x0F, 0x00, 0x00, 0x0F, 0x00, 0x00, 0x0F, 0x00, 0x00, 0x0F, 0x00, 0x00, 0x0F, 0x00, 0x00, 0x0F, 0x00, 0x00, 0x0F, 0x00, 0x00,
      0x0F, 0x00, 0x00, 0x0F, 0x00, 0x00, 0x0F, 0x00, 0x00, 0x0F, 0xFF, 0xE0, 0x0F, 0xFF, 0xE0, 0x0F, 0xFF, 0xE0, 0x0F, 0xFF, 0xE0, 0x00, 0x00, 0x00,
      0x00, 0x00, 0x00, 0x00, 0x00, 0x00, 0x00, 0x00, 0x00, 0x00, 0x00, 0x00, 0x00, 0x00, 0x00, 0x00, 0x00, 0x00, 0x00, 0x00, 0x00, 0x00, 0x00, 0x00}},
    {0x004D,  // 'M'
     {0x00, 0x00, 0x00, 0x00, 0x00, 0x00, 0x00, 0x00, 0x00, 0x00, 0x00, 0x00, 0x00, 0x00, 0x00, 0x00, 0x00, 0x00, 0x00, 0x00, 0x00, 0x7E, 0x07, 0xC0,
      0x7E, 0x0F, 0xC0, 0x7F, 0x0F, 0xC0, 0x7F, 0x0F, 0xC0, 0x7F, 0x0F, 0xC0, 0x7F, 0x9F, 0xC0, 0x7F, 0x9F, 0xC0, 0x7B, 0x9F, 0xC0, 0x7B, 0xBB, 0xC0,
      0x79, 0xFB, 0xC0, 0x79, 0xFB, 0xC0, 0x79, 0xFB, 0xC0, 0x79, 0xF3, 0xC0, 0x78, 0xF3, 0xC0, 0x78, 0xF3, 0xC0, 0x78, 0x03, 0xC0, 0x78, 0x03, 0xC0,
      0x78, 0x03, 0xC0, 0x78, 0x03, 0xC0, 0x78, 0x03, 0xC0, 0x78, 0x03, 0xC0, 0x78, 0x03, 0xC0, 0x78, 0x03, 0xC0, 0x78, 0x03, 0xC0, 0x00, 0x00, 0x00,
      0x00, 0x00, 0x00, 0x00, 0x00, 0x00, 0x00, 0x00, 0x00, 0x00, 0x00, 0x00, 0x00, 0x00, 0x00, 0x00, 0x00, 0x00, 0x00, 0x00, 0x00, 0x00, 0x00, 0x00}},
    {0x004E,  // 'N'
     {0x00, 0x00, 0x00, 0x00, 0x00, 0x00, 0x00, 0x00, 0x00, 0x00, 0x00, 0x00, 0x00, 0x00, 0x00, 0x00, 0x00, 0x00, 0x00, 0x00, 0x00, 0x3E, 0x03, 0xC0,
      0x3F, 0x03, 0xC0, 0x3F, 0x03, 0xC0, 0x3F, 0x03, 0xC0, 0x3F, 0x83, 0xC0, 0x3F, 0x83, 0xC0, 0x3F, 0xC3, 0xC0, 0x3F, 0xC3, 0xC0, 0x3D, 0xC3, 0xC0,
      0x3D, 0xE3, 0xC0, 0x3C, 0xE3, 0xC0, 0x3C, 0xE3, 0xC0, 0x3C, 0xF3, 0xC0, 0x3C, 0x73, 0xC0, 0x3C, 0x7B, 0xC0, 0x3C, 0x3B, 0xC0, 0x3C, 0x3F, 0xC0,
      0x3C, 0x3F, 0xC0, 0x3C, 0x1F, 0xC0, 0x3C, 0x1F, 0xC0, 0x3C, 0x1F, 0xC0, 0x3C, 0x0F, 0xC0, 0x3C, 0x0F, 0xC0, 0x3C, 0x07, 0xC0, 0x00, 0x00, 0x00,
      0x00, 0x00, 0x00, 0x00, 0x00, 0x00, 0x00, 0x00, 0x00, 0x00, 0x00, 0x00, 0x00, 0x00, 0x00, 0x00, 0x00, 0x00, 0x00, 0x00, 0x00, 0x00, 0x00, 0x00}},
    {0x004F,  // 'O'
     {0x00, 0x00, 0x00, 0x00, 0x00, 0x00, 0x00, 0x00, 0x00, 0x00, 0x00, 0x00, 0x00, 0x00, 0x00, 0x00, 0x00, 0x00, 0x00, 0x00, 0x00, 0x01, 0xF8, 0x00,
      0x07, 0xFE, 0x00, 0x0F, 0xFF, 0x00, 0x1F, 0xFF, 0x00, 0x1F, 0x1F, 0x80, 0x3E, 0x0F, 0x80, 0x3E, 0x07, 0xC0, 0x3E, 0x07, 0xC0, 0x3E, 0x07, 0xC0,
      0x3E, 0x07, 0xC0, 0x3C, 0x07, 0xC0, 0x3C, 0x07, 0xC0, 0x3C, 0x07, 0xC0, 0x3C, 0x07, 0xC0, 0x3E, 0x07, 0xC0, 0x3E, 0x07, 0xC0, 0x3E, 0x07, 0xC0,
      0x3E, 0x07, 0xC0, 0x3E, 0x0F, 0x80, 0x1F, 0x1F, 0x80, 0x1F, 0xFF, 0x80, 0x0F, 0xFF, 0x00, 0x07, 0xFE, 0x00, 0x01, 0xF8, 0x00, 0x00, 0x00, 0x00,
      0x00, 0x00, 0x00, 0x00, 0x00, 0x00, 0x00, 0x00, 0x00, 0x00, 0x00, 0x00, 0x00, 0x00, 0x00, 0x00, 0x00, 0x00, 0x00, 0x00, 0x00, 0x00, 0x00, 0x00}},
    {0x0050,  // 'P'
     {0x00, 0x00, 0x00, 0x00, 0x00, 0x00, 0x00, 0x00, 0x00, 0x00, 0x00, 0x00, 0x00, 0x00, 0x00, 0x00, 0x00, 0x00, 0x00, 0x00, 0x00, 0x1F, 0xFC, 0x00,
      0x1F, 0xFF, 0x00, 0x1F, 0xFF, 0x80, 0x1F, 0xFF, 0xC0, 0x1E, 0x0F, 0xC0, 0x1E, 0x07, 0xC0, 0x1E, 0x07, 0xC0, 0x1E, 0x03, 0xC0, 0x1E, 0x07, 0xC0,
      0x1E, 0x07, 0xC0, 0x1E, 0x0F, 0xC0, 0x1F, 0xFF, 0xC0, 0x1F, 0xFF, 0x80, 0x1F, 0xFF, 0x00, 0x1F, 0xFC, 0x00, 0x1E, 0x00, 0x00, 0x1E, 0x00, 0x00,
      0x1E, 0x00, 0x00, 0x1E, 0x00, 0x00, 0x1E, 0x00, 0x00, 0x1E, 0x00, 0x00, 0x1E, 0x00, 0x00, 0x1E, 0x00, 0x00, 0x1E, 0x00, 0x00, 0x00, 0x00, 0x00,
      0x00, 0x00, 0x00, 0x00, 0x00, 0x00, 0x00, 0x00, 0x00, 0x00, 0x00, 0x00, 0x00, 0x00, 0x00, 0x00, 0x00, 0x00, 0x00, 0x00, 0x00, 0x00, 0x00, 0x00}},
    {0x0051,  // 'Q'
     {0x00, 0x00, 0x00, 0x00, 0x00, 0x00, 0x00, 0x00, 0x00, 0x00, 0x00, 0x00, 0x00, 0x00, 0x00, 0x00, 0x00, 0x00, 0x00, 0x00, 0x00, 0x01, 0xF8, 0x00,
      0x07, 0xFE, 0x00, 0x0F, 0xFF, 0x00, 0x1F, 0xFF, 0x00, 0x1F, 0x1F, 0x80, 0x3E, 0x0F, 0x80, 0x3E, 0x07, 0xC0, 0x3E, 0x07, 0xC0, 0x3E, 0x07, 0xC0,
      0x3E, 0x07, 0xC0, 0x3C, 0x07, 0xC0, 0x3C, 0x07, 0xC0, 0x3C, 0x07, 0xC0, 0x3C, 0x07, 0xC0, 0x3E, 0x07, 0xC0, 0x3E, 0x07, 0xC0, 0x3E, 0x07, 0xC0,
      0x3E, 0x07, 0xC0, 0x3E, 0x0F, 0x80, 0x1F, 0x1F, 0x80, 0x1F, 0xFF, 0x80, 0x0F, 0xFF, 0x00, 0x07, 0xFE, 0x00, 0x01, 0xFE, 0x00, 0x00, 0x1F, 0x00,
      0x00, 0x0F, 0x80, 0x00, 0x07, 0x00, 0x00, 0x02, 0x00, 0x00, 0x00, 0x00, 0x00, 0x00, 0x00, 0x00, 0x00, 0x00, 0x00, 0x00, 0x00, 0x00, 0x00, 0x00}},
    {0x0052,  // 'R'
     {0x00, 0x00, 0x00, 0x00, 0x00, 0x00, 0x00, 0x00, 0x00, 0x00, 0x00, 0x00, 0x00, 0x00, 0x00, 0x00, 0x00, 0x00, 0x00, 0x00, 0x00, 0x3F, 0xF8, 0x00,
      0x3F, 0xFE, 0x00, 0x3F, 0xFF, 0x00, 0x3F, 0xFF, 0x80, 0x3E, 0x1F, 0x80, 0x3E, 0x0F, 0xC0, 0x3E, 0x07, 0xC0, 0x3E, 0x07, 0xC0, 0x3E, 0x07, 0xC0,
      0x3E, 0x0F, 0x80, 0x3E, 0x1F, 0x80, 0x3F, 0xFF, 0x00, 0x3F, 0xFE, 0x00, 0x3F, 0xFC, 0x00, 0x3F, 0xFE, 0x00, 0x3E, 0x3E, 0x00, 0x3E, 0x1F, 0x00,
      0x3E, 0x1F, 0x00, 0x3E, 0x0F, 0x80, 0x3E, 0x0F, 0x80, 0x3E, 0x07, 0xC0, 0x3E, 0x07, 0xE0, 0x3E, 0x03, 0xE0, 0x3E, 0x03, 0xF0, 0x00, 0x00, 0x00,
      0x00, 0x00, 0x00, 0x00, 0x00, 0x00, 0x00, 0x00, 0x00, 0x00, 0x00, 0x00, 0x00, 0x00, 0x00, 0x00, 0x00, 0x00, 0x00, 0x00, 0x00, 0x00, 0x00, 0x00}},
    {0x0053,  // 'S'
     {0x00, 0x00, 0x00, 0x00, 0x00, 0x00, 0x00, 0x00, 0x00, 0x00, 0x00, 0x00, 0x00, 0x00, 0x00, 0x00, 0x00, 0x00, 0x00, 0x00, 0x00, 0x01, 0xF8, 0x00,
      0x07, 0xFF, 0x00, 0x0F, 0xFF, 0x80, 0x1F, 0xFF, 0x80, 0x3F, 0x07, 0x80, 0x3E, 0x01, 0x80, 0x3E, 0x00, 0x00, 0x3E, 0x00, 0x00, 0x3F, 0x00, 0x00,
      0x1F, 0x80, 0x00, 0x1F, 0xF0, 0x00, 0x0F, 0xFC, 0x00, 0x03, 0xFF, 0x00, 0x00, 0x7F, 0x80, 0x00, 0x1F, 0x80, 0x00, 0x0F, 0xC0, 0x00, 0x07, 0xC0,
      0x20, 0x07, 0xC0, 0x30, 0x07, 0xC0, 0x3E, 0x0F, 0xC0, 0x3F, 0xFF, 0x80, 0x3F, 0xFF, 0x80, 0x1F, 0xFE, 0x00, 0x03, 0xF8, 0x00, 0x00, 0x00, 0x00,
      0x00, 0x00, 0x00, 0x00, 0x00, 0x00, 0x00, 0x00, 0x00, 0x00, 0x00, 0x00, 0x00, 0x00, 0x00, 0x00, 0x00, 0x00, 0x00, 0x00, 0x00, 0x00, 0x00, 0x00}},
    {0x0054,  // 'T'
     {0x00, 0x00, 0x00, 0x00, 0x00, 0x00, 0x00, 0x00, 0x00, 0x00, 0x00, 0x00, 0x00, 0x00, 0x00, 0x00, 0x00, 0x00, 0x00, 0x00, 0x00, 0x7F, 0xFF, 0xC0,
      0x7F, 0xFF, 0xC0, 0x7F, 0xFF, 0xC0, 0x7F, 0xFF, 0xC0, 0x00, 0xF0, 0x00, 0x00, 0xF0, 0x00, 0x00, 0xF0, 0x00, 0x00, 0xF0, 0x00, 0x00, 0xF0, 0x00,
      0x00, 0xF0, 0x00, 0x00, 0xF0, 0x00, 0x00, 0xF0, 0x00, 0x00, 0xF0, 0x00, 0x00, 0xF0, 0x00, 0x00, 0xF0, 0x00, 0x00, 0xF0, 0x00, 0x00, 0xF0, 0x00,
      0x00, 0xF0, 0x00, 0x00, 0xF0, 0x00, 0x00, 0xF0, 0x00, 0x00, 0xF0, 0x00, 0x00, 0xF0, 0x00, 0x00, 0xF0, 0x00, 0x00, 0xF0, 0x00, 0x00, 0x00, 0x00,
      0x00, 0x00, 0x00, 0x00, 0x00, 0x00, 0x00, 0x00, 0x00, 0x00, 0x00, 0x00, 0x00, 0x00, 0x00, 0x00, 0x00, 0x00, 0x00, 0x00, 0x00, 0x00, 0x00, 0x00}},
    {0x0055,  // 'U'
     {0x00, 0x00, 0x00, 0x00, 0x00, 0x00, 0x00, 0x00, 0x00, 0x00, 0x00, 0x00, 0x00, 0x00, 0x00, 0x00, 0x00, 0x00, 0x00, 0x00, 0x00, 0x3C, 0x07, 0xC0,
      0x3C, 0x07, 0xC0, 0x3C, 0x07, 0xC0, 0x3C, 0x07, 0xC0, 0x3C, 0x07, 0xC0, 0x3C, 0x07, 0xC0, 0x3C, 0x07, 0xC0, 0x3C, 0x07, 0xC0, 0x3C, 0x07, 0xC0,
      0x3C, 0x07, 0xC0, 0x3C, 0x07, 0xC0, 0x3C, 0x07, 0xC0, 0x3C, 0x07, 0xC0, 0x3C, 0x07, 0xC0, 0x3C, 0x07, 0xC0, 0x3C, 0x07, 0xC0, 0x3E, 0x07, 0xC0,
      0x3E, 0x07, 0xC0, 0x3E, 0x07, 0xC0, 0x3F, 0x0F, 0x80, 0x1F, 0xFF, 0x80, 0x1F, 0xFF, 0x00, 0x0F, 0xFE, 0x00, 0x03, 0xF8, 0x00, 0x00, 0x00, 0x00,
      0x00, 0x00, 0x00, 0x00, 0x00, 0x00, 0x00, 0x00, 0x00, 0x00, 0x00, 0x00, 0x00, 0x00, 0x00, 0x00, 0x00, 0x00, 0x00, 0x00, 0x00, 0x00, 0x00, 0x00}},
    {0x0056,  // 'V'
     {0x00, 0x00, 0x00, 0x00, 0x00, 0x00, 0x00, 0x00, 0x00, 0x00, 0x00, 0x00, 0x00, 0x00, 0x00, 0x00, 0x00, 0x00, 0x00, 0x00, 0x00, 0x7C, 0x03, 0xE0,
      0x7C, 0x03, 0xE0, 0x3C, 0x03, 0xC0, 0x3C, 0x07, 0xC0, 0x3E, 0x07, 0xC0, 0x3E, 0x07, 0xC0, 0x3E, 0x07, 0x80, 0x1E, 0x07, 0x80, 0x1E, 0x0F, 0x80,
      0x1F, 0x0F, 0x80, 0x1F, 0x0F, 0x00, 0x0F, 0x0F, 0x00, 0x0F, 0x0F, 0x00, 0x0F, 0x9F, 0x00, 0x0F, 0x9E, 0x00, 0x07, 0x9E, 0x00, 0x07, 0x9E, 0x00,
      0x07, 0xBE, 0x00, 0x07, 0xFE, 0x00, 0x03, 0xFC, 0x00, 0x03, 0xFC, 0x00, 0x03, 0xFC, 0x00, 0x03, 0xFC, 0x00, 0x01, 0xF8, 0x00, 0x00, 0x00, 0x00,
      0x00, 0x00, 0x00, 0x00, 0x00, 0x00, 0x00, 0x00, 0x00, 0x00, 0x00, 0x00, 0x00, 0x00, 0x00, 0x00, 0x00, 0x00, 0x00, 0x00, 0x00, 0x00, 0x00, 0x00}},
    {0x0057,  // 'W'
     {0x00, 0x00, 0x00, 0x00, 0x00, 0x00, 0x00, 0x00, 0x00, 0x00, 0x00, 0x00, 0x00, 0x00, 0x00, 0x00, 0x00, 0x00, 0x00, 0x00, 0x00, 0xF0, 0x00, 0xF0,
      0xF0, 0x00, 0xF0, 0xF0, 0x01, 0xF0, 0xF0, 0x01, 0xE0, 0x78, 0x01, 0xE0, 0x78, 0x01, 0xE0, 0x78, 0xF1, 0xE0, 0x78, 0xF1, 0xE0, 0x79, 0xF1, 0xE0,
      0x79, 0xF9, 0xE0, 0x79, 0xF9, 0xE0, 0x79, 0xF9, 0xE0, 0x39, 0xF9, 0xC0, 0x39, 0xB9, 0xC0, 0x3F, 0x9D, 0xC0, 0x3F, 0x9F, 0xC0, 0x3F, 0x9F, 0xC0,
      0x3F, 0x9F, 0xC0, 0x3F, 0x1F, 0xC0, 0x3F, 0x0F, 0xC0, 0x1F, 0x0F, 0x80, 0x1F, 0x0F, 0x80, 0x1F, 0x0F, 0x80, 0x1E, 0x07, 0x80, 0x00, 0x00, 0x00,
      0x00, 0x00, 0x00, 0x00, 0x00, 0x00, 0x00, 0x00, 0x00, 0x00, 0x00, 0x00, 0x00, 0x00, 0x00, 0x00, 0x00, 0x00, 0x00, 0x00, 0x00, 0x00, 0x00, 0x00}},
    {0x0058,  // 'X'
     {0x00, 0x00, 0x00, 0x00, 0x00, 0x00, 0x00, 0x00, 0x00, 0x00, 0x00, 0x00, 0x00, 0x00, 0x00, 0x00, 0x00, 0x00, 0x00, 0x00, 0x00, 0x7C, 0x03, 0xE0,
      0x7C, 0x07, 0xC0, 0x3E, 0x07, 0xC0, 0x1F, 0x0F, 0x80, 0x1F, 0x0F, 0x80, 0x0F, 0x9F, 0x00, 0x0F, 0x9E, 0x00, 0x07, 0xFE, 0x00, 0x03, 0xFC, 0x00,
      0x03, 0xFC, 0x00, 0x01, 0xF8, 0x00, 0x01, 0xF8, 0x00, 0x01, 0xF8, 0x00, 0x01, 0xF8, 0x00, 0x03, 0xFC, 0x00, 0x07, 0xFE, 0x00, 0x07, 0xFE, 0x00,
      0x0F, 0x9F, 0x00, 0x0F, 0x9F, 0x00, 0x1F, 0x0F, 0x80, 0x3E, 0x0F, 0x80, 0x3E, 0x07, 0xC0, 0x7C, 0x03, 0xE0, 0x7C, 0x03, 0xE0, 0x00, 0x00, 0x00,
      0x00, 0x00, 0x00, 0x00, 0x00, 0x00, 0x00, 0x00, 0x00, 0x00, 0x00, 0x00, 0x00, 0x00, 0x00, 0x00, 0x00, 0x00, 0x00, 0x00, 0x00, 0x00, 0x00, 0x00}},
    {0x0059,  // 'Y'
     {0x00, 0x00, 0x00, 0x00, 0x00, 0x00, 0x00, 0x00, 0x00, 0x00, 0x00, 0x00, 0x00, 0x00, 0x00, 0x00, 0x00, 0x00, 0x00, 0x00, 0x00, 0xF8, 0x03, 0xE0,
      0x7C, 0x03, 0xE0, 0x7C, 0x07, 0xC0, 0x3E, 0x07, 0xC0, 0x3E, 0x0F, 0x80, 0x1F, 0x0F, 0x80, 0x1F, 0x1F, 0x00, 0x0F, 0x9F, 0x00, 0x0F, 0xBE, 0x00,
      0x07, 0xFE, 0x00, 0x07, 0xFC, 0x00, 0x03, 0xFC, 0x00, 0x01, 0xF8, 0x00, 0x01, 0xF8, 0x00, 0x01, 0xF0, 0x00, 0x00, 0xF0, 0x00, 0x00, 0xF0, 0x00,
      0x00, 0xF0, 0x00, 0x00, 0xF0, 0x00, 0x00, 0xF0, 0x00, 0x00, 0xF0, 0x00, 0x00, 0xF0, 0x00, 0x00, 0xF0, 0x00, 0x00, 0xF0, 0x00, 0x00, 0x00, 0x00,
      0x00, 0x00, 0x00, 0x00, 0x00, 0x00, 0x00, 0x00, 0x00, 0x00, 0x00, 0x00, 0x00, 0x00, 0x00, 0x00, 0x00, 0x00, 0x00, 0x00, 0x00, 0x00, 0x00, 0x00}},
    {0x005A,  // 'Z'
     {0x00, 0x00, 0x00, 0x00, 0x00, 0x00, 0x00, 0x00, 0x00, 0x00, 0x00, 0x00, 0x00, 0x00, 0x00, 0x00, 0x00, 0x00, 0x00, 0x00, 0x00, 0x3F, 0xFF, 0xC0,
      0x3F, 0xFF, 0xC0, 0x3F, 0xFF, 0xC0, 0x3F, 0xFF, 0xC0, 0x00, 0x0F, 0xC0, 0x00, 0x0F, 0x80, 0x00, 0x1F, 0x80, 0x00, 0x3F, 0x00, 0x00, 0x3E, 0x00,
      0x00, 0x7E, 0x00, 0x00, 0xFC, 0x00, 0x00, 0xF8, 0x00, 0x01, 0xF8, 0x00, 0x03, 0xF0, 0x00, 0x03, 0xE0, 0x00, 0x07, 0xC0, 0x00, 0x0F, 0xC0, 0x00,
      0x0F, 0x80, 0x00, 0x1F, 0x00, 0x00, 0x3F, 0x00, 0x00, 0x3F, 0xFF, 0xE0, 0x3F, 0xFF, 0xE0, 0x3F, 0xFF, 0xE0, 0x3F, 0xFF, 0xE0, 0x00, 0x00, 0x00,
      0x00, 0x00, 0x00, 0x00, 0x00, 0x00, 0x00, 0x00, 0x00, 0x00, 0x00, 0x00, 0x00, 0x00, 0x00, 0x00, 0x00, 0x00, 0x00, 0x00, 0x00, 0x00, 0x00, 0x00}},
    {0x005B,  // '['
     {0x00, 0x00, 0x00, 0x00, 0x00, 0x00, 0x00, 0x00, 0x00, 0x00, 0x00, 0x00, 0x00, 0x00, 0x00, 0x00, 0x00, 0x00, 0x01, 0xFE, 0x00, 0x01, 0xFE, 0x00,
      0x01, 0xFE, 0x00, 0x01, 0xE0, 0x00, 0x01, 0xE0, 0x00, 0x01, 0xE0, 0x00, 0x01, 0xE0, 0x00, 0x01, 0xE0, 0x00, 0x01, 0xE0, 0x00, 0x01, 0xE0, 0x00,
      0x01, 0xE0, 0x00, 0x01, 0xE0, 0x00, 0x01, 0xE0, 0x00, 0x01, 0xE0, 0x00, 0x01, 0xE0, 0x00, 0x01, 0xE0, 0x00, 0x01, 0xE0, 0x00, 0x01, 0xE0, 0x00,
      0x01, 0xE0, 0x00, 0x01, 0xE0, 0x00, 0x01, 0xE0, 0x00, 0x01, 0xE0, 0x00, 0x01, 0xE0, 0x00, 0x01, 0xE0, 0x00, 0x01, 0xE0, 0x00, 0x01, 0xE0, 0x00,
      0x01, 0xFE, 0x00, 0x01, 0xFE, 0x00, 0x01, 0xFE, 0x00, 0x00, 0x00, 0x00, 0x00, 0x00, 0x00, 0x00, 0x00, 0x00, 0x00, 0x00, 0x00, 0x00, 0x00, 0x00}},
    {0x005C,  // '\\'
     {0x00, 0x00, 0x00, 0x00, 0x00, 0x00, 0x00, 0x00, 0x00, 0x00, 0x00, 0x00, 0x00, 0x00, 0x00, 0x00, 0x00, 0x00, 0x00, 0x00, 0x00, 0x3C, 0x00, 0x00,
      0x3C, 0x00, 0x00, 0x1E, 0x00, 0x00, 0x1E, 0x00, 0x00, 0x0E, 0x00, 0x00, 0x0F, 0x00, 0x00, 0x07, 0x00, 0x00, 0x07, 0x80, 0x00, 0x03, 0x80, 0x00,
      0x03, 0xC0, 0x00, 0x01, 0xC0, 0x00, 0x01, 0xE0, 0x00, 0x00, 0xE0, 0x00, 0x00, 0xF0, 0x00, 0x00, 0x70, 0x00, 0x00, 0x78, 0x00, 0x00, 0x38, 0x00,
      0x00, 0x3C, 0x00, 0x00, 0x3C, 0x00, 0x00, 0x1E, 0x00, 0x00, 0x1E, 0x00, 0x00, 0x0E, 0x00, 0x00, 0x0F, 0x00, 0x00, 0x07, 0x00, 0x00, 0x07, 0x80,
      0x00, 0x03, 0x80, 0x00, 0x03, 0xC0, 0x00, 0x00, 0x00, 0x00, 0x00, 0x00, 0x00, 0x00, 0x00, 0x00, 0x00, 0x00, 0x00, 0x00, 0x00, 0x00, 0x00, 0x00}},
    {0x005D,  // ']'
     {0x00, 0x00, 0x00, 0x00, 0x00, 0x00, 0x00, 0x00, 0x00, 0x00, 0x00, 0x00, 0x00, 0x00, 0x00, 0x00, 0x00, 0x00, 0x07, 0xF8, 0x00, 0x07, 0xF8, 0x00,
      0x07, 0xF8, 0x00, 0x00, 0x78, 0x00, 0x00, 0x78, 0x00, 0x00, 0x78, 0x00, 0x00, 0x78, 0x00, 0x00, 0x78, 0x00, 0x00, 0x78, 0x00, 0x00, 0x78, 0x00,
      0x00, 0x78, 0x00, 0x00, 0x78, 0x00, 0x00, 0x78, 0x00, 0x00, 0x78, 0x00, 0x00, 0x78, 0x00, 0x00, 0x78, 0x00, 0x00, 0x78, 0x00, 0x00, 0x78, 0x00,
      0x00, 0x78, 0x00, 0x00, 0x78, 0x00, 0x00, 0x78, 0x00, 0x00, 0x78, 0x00, 0x00, 0x78, 0x00, 0x00, 0x78, 0x00, 0x00, 0x78, 0x00, 0x00, 0x78, 0x00,
      0x07, 0xF8, 0x00, 0x07, 0xF8, 0x00, 0x07, 0xF8, 0x00, 0x00, 0x00, 0x00, 0x00, 0x00, 0x00, 0x00, 0x00, 0x00, 0x00, 0x00, 0x00, 0x00, 0x00, 0x00}},
    {0x005E,  // '^'
     {0x00, 0x00, 0x00, 0x00, 0x00, 0x00, 0x00, 0x00, 0x00, 0x00, 0x00, 0x00, 0x00, 0x00, 0x00, 0x00, 0x00, 0x00, 0x00, 0x00, 0x00, 0x00, 0xF0, 0x00,
      0x01, 0xF8, 0x00, 0x03, 0xFC, 0x00, 0x07, 0xFE, 0x00, 0x0F, 0xFE, 0x00, 0x0F, 0x1F, 0x00, 0x1E, 0x0F, 0x80, 0x3C, 0x07, 0xC0, 0x78, 0x01, 0xE0,
      0x00, 0x00, 0x00, 0x00, 0x00, 0x00, 0x00, 0x00, 0x00, 0x00, 0x00, 0x00, 0x00, 0x00, 0x00, 0x00, 0x00, 0x00, 0x00, 0x00, 0x00, 0x00, 0x00, 0x00,
      0x00, 0x00, 0x00, 0x00, 0x00, 0x00, 0x00, 0x00, 0x00, 0x00, 0x00, 0x00, 0x00, 0x00, 0x00, 0x00, 0x00, 0x00, 0x00, 0x00, 0x00, 0x00, 0x00, 0x00,
      0x00, 0x00, 0x00, 0x00, 0x00, 0x00, 0x00, 0x00, 0x00, 0x00, 0x00, 0x00, 0x00, 0x00, 0x00, 0x00, 0x00, 0x00, 0x00, 0x00, 0x00, 0x00, 0x00, 0x00}},
    {0x005F,  // '_'
     {0x00, 0x00, 0x00, 0x00, 0x00, 0x00, 0x00, 0x00, 0x00, 0x00, 0x00, 0x00, 0x00, 0x00, 0x00, 0x00, 0x00, 0x00, 0x00, 0x00, 0x00, 0x00, 0x00, 0x00,
      0x00, 0x00, 0x00, 0x00, 0x00, 0x00, 0x00, 0x00, 0x00, 0x00, 0x00, 0x00, 0x00, 0x00, 0x00, 0x00, 0x00, 0x00, 0x00, 0x00, 0x00, 0x00, 0x00, 0x00,
      0x00, 0x00, 0x00, 0x00, 0x00, 0x00, 0x00, 0x00, 0x00, 0x00, 0x00, 0x00, 0x00, 0x00, 0x00, 0x00, 0x00, 0x00, 0x00, 0x00, 0x00, 0x00, 0x00, 0x00,
      0x00, 0x00, 0x00, 0x00, 0x00, 0x00, 0x00, 0x00, 0x00, 0x00, 0x00, 0x00, 0x00, 0x00, 0x00, 0x00, 0x00, 0x00, 0x00, 0x00, 0x00, 0x00, 0x00, 0x00,
      0x00, 0x00, 0x00, 0x00, 0x00, 0x00, 0x00, 0x00, 0x00, 0x00, 0x00, 0x00, 0xFF, 0xFF, 0xF0, 0xFF, 0xFF, 0xF0, 0xFF, 0xFF, 0xF0, 0x00, 0x00, 0x00}},
    {0x0060,  // '`'
     {0x00, 0x00, 0x00, 0x00, 0x00, 0x00, 0x00, 0x00, 0x00, 0x00, 0x00, 0x00, 0x00, 0x00, 0x00, 0x0F, 0x00, 0x00, 0x07, 0x80, 0x00, 0x03, 0xC0, 0x00,
      0x01, 0xC0, 0x00, 0x00, 0xE0, 0x00, 0x00, 0x70, 0x00, 0x00, 0x00, 0x00, 0x00, 0x00, 0x00, 0x00, 0x00, 0x00, 0x00, 0x00, 0x00, 0x00, 0x00, 0x00,
      0x00, 0x00, 0x00, 0x00, 0x00, 0x00, 0x00, 0x00, 0x00, 0x00, 0x00, 0x00, 0x00, 0x00, 0x00, 0x00, 0x00, 0x00, 0x00, 0x00, 0x00, 0x00, 0x00, 0x00,
      0x00, 0x00, 0x00, 0x00, 0x00, 0x00, 0x00, 0x00, 0x00, 0x00, 0x00, 0x00, 0x00, 0x00, 0x00, 0x00, 0x00, 0x00, 0x00, 0x00, 0x00, 0x00, 0x00, 0x00,
      0x00, 0x00, 0x00, 0x00, 0x00, 0x00, 0x00, 0x00, 0x00, 0x00, 0x00, 0x00, 0x00, 0x00, 0x00, 0x00, 0x00, 0x00, 0x00, 0x00, 0x00, 0x00, 0x00, 0x00}},
    {0x0061,  // 'a'
     {0x00, 0x00, 0x00, 0x00, 0x00, 0x00, 0x00, 0x00, 0x00, 0x00, 0x00, 0x00, 0x00, 0x00, 0x00, 0x00, 0x00, 0x00, 0x00, 0x00, 0x00, 0x00, 0x00, 0x00,
      0x00, 0x00, 0x00, 0x00, 0x00, 0x00, 0x00, 0x00, 0x00, 0x00, 0x00, 0x00, 0x00, 0x00, 0x00, 0x07, 0xFC, 0x00, 0x1F, 0xFF, 0x00, 0x1F, 0xFF, 0x80,
      0x1E, 0x0F, 0x80, 0x10, 0x07, 0xC0, 0x00, 0x07, 0xC0, 0x03, 0xFF, 0xC0, 0x0F, 0xFF, 0xC0, 0x1F, 0xFF, 0xC0, 0x3F, 0x07, 0xC0, 0x3E, 0x07, 0xC0,
      0x3E, 0x07, 0xC0, 0x3E, 0x07, 0xC0, 0x3E, 0x0F, 0xC0, 0x3F, 0x1F, 0xC0, 0x3F, 0xFF, 0xC0, 0x1F, 0xF7, 0xC0, 0x07, 0xE7, 0xC0, 0x00, 0x00, 0x00,
      0x00, 0x00, 0x00, 0x00, 0x00, 0x00, 0x00, 0x00, 0x00, 0x00, 0x00, 0x00, 0x00, 0x00, 0x00, 0x00, 0x00, 0x00, 0x00, 0x00, 0x00, 0x00, 0x00, 0x00}},
    {0x0062,  // 'b'
     {0x00, 0x00, 0x00, 0x00, 0x00, 0x00, 0x00, 0x00, 0x00, 0x00, 0x00, 0x00, 0x00, 0x00, 0x00, 0x00, 0x00, 0x00, 0x3E, 0x00, 0x00, 0x3E, 0x00, 0x00,
      0x3E, 0x00, 0x00, 0x3E, 0x00, 0x00, 0x3E, 0x00, 0x00, 0x3E, 0x00, 0x00, 0x3E, 0x00, 0x00, 0x3E, 0x3C, 0x00, 0x3E, 0xFF, 0x00, 0x3F, 0xFF, 0x80,
      0x3F, 0xFF, 0x80, 0x3F, 0x8F, 0xC0, 0x3F, 0x07, 0xC0, 0x3E, 0x07, 0xC0, 0x3E, 0x03, 0xC0, 0x3E, 0x03, 0xC0, 0x3E, 0x03, 0xC0, 0x3E, 0x03, 0xC0,
      0x3E, 0x07, 0xC0, 0x3F, 0x07, 0xC0, 0x3F, 0x8F, 0xC0, 0x3F, 0xFF, 0x80, 0x3F, 0xFF, 0x80, 0x3E, 0xFF, 0x00, 0x3E, 0x3C, 0x00, 0x00, 0x00, 0x00,
      0x00, 0x00, 0x00, 0x00, 0x00, 0x00, 0x00, 0x00, 0x00, 0x00, 0x00, 0x00, 0x00, 0x00, 0x00, 0x00, 0x00, 0x00, 0x00, 0x00, 0x00, 0x00, 0x00, 0x00}},
    {0x0063,  // 'c'
     {0x00, 0x00, 0x00, 0x00, 0x00, 0x00, 0x00, 0x00, 0x00, 0x00, 0x00, 0x00, 0x00, 0x00, 0x00, 0x00, 0x00, 0x00, 0x00, 0x00, 0x00, 0x00, 0x00, 0x00,
      0x00, 0x00, 0x00, 0x00, 0x00, 0x00, 0x00, 0x00, 0x00, 0x00, 0x00, 0x00, 0x00, 0x00, 0x00, 0x00, 0xFE, 0x00, 0x03, 0xFF, 0x80, 0x07, 0xFF, 0x80,
      0x0F, 0xFF, 0x80, 0x0F, 0xC0, 0x80, 0x1F, 0x80, 0x00, 0x1F, 0x00, 0x00, 0x1F, 0x00, 0x00, 0x1F, 0x00, 0x00, 0x1F, 0x00, 0x00, 0x1F, 0x00, 0x00,
      0x1F, 0x00, 0x00, 0x1F, 0x80, 0x00, 0x0F, 0xC0, 0x80, 0x0F, 0xFF, 0x80, 0x07, 0xFF, 0x80, 0x03, 0xFF, 0x80, 0x00, 0xFE, 0x00, 0x00, 0x00, 0x00,
      0x00, 0x00, 0x00, 0x00, 0x00, 0x00, 0x00, 0x00, 0x00, 0x00, 0x00, 0x00, 0x00, 0x00, 0x00, 0x00, 0x00, 0x00, 0x00, 0x00, 0x00, 0x00, 0x00, 0x00}},
    {0x0064,  // 'd'
     {0x00, 0x00, 0x00, 0x00, 0x00, 0x00, 0x00, 0x00, 0x00, 0x00, 0x00, 0x00, 0x00, 0x00, 0x00, 0x00, 0x00, 0x00, 0x00, 0x07, 0x80, 0x00, 0x07, 0x80,
      0x00, 0x07, 0x80, 0x00, 0x07, 0x80, 0x00, 0x07, 0x80, 0x00, 0x07, 0x80, 0x00, 0x07, 0x80, 0x03, 0xC7, 0x80, 0x0F, 0xF7, 0x80, 0x1F, 0xFF, 0x80,
      0x1F, 0xFF, 0x80, 0x3F, 0x1F, 0x80, 0x3E, 0x0F, 0x80, 0x3E, 0x0F, 0x80, 0x3C, 0x07, 0x80, 0x7C, 0x07, 0x80, 0x7C, 0x07, 0x80, 0x3C, 0x07, 0x80,
      0x3E, 0x0F, 0x80, 0x3E, 0x0F, 0x80, 0x3F, 0x1F, 0x80, 0x1F, 0xFF, 0x80, 0x1F, 0xFF, 0x80, 0x0F, 0xF7, 0x80, 0x07, 0xC7, 0x80, 0x00, 0x00, 0x00,
      0x00, 0x00, 0x00, 0x00, 0x00, 0x00, 0x00, 0x00, 0x00, 0x00, 0x00, 0x00, 0x00, 0x00, 0x00, 0x00, 0x00, 0x00, 0x00, 0x00, 0x00, 0x00, 0x00, 0x00}},
    {0x0065,  // 'e'
     {0x00, 0x00, 0x00, 0x00, 0x00, 0x00, 0x00, 0x00, 0x00, 0x00, 0x00, 0x00, 0x00, 0x00, 0x00, 0x00, 0x00, 0x00, 0x00, 0x00, 0x00, 0x00, 0x00, 0x00,
      0x00, 0x00, 0x00, 0x00, 0x00, 0x00, 0x00, 0x00, 0x00, 0x00, 0x00, 0x00, 0x00, 0x00, 0x00, 0x01, 0xF8, 0x00, 0x07, 0xFE, 0x00, 0x0F, 0xFF, 0x00,
      0x1F, 0xFF, 0x80, 0x3F, 0x0F, 0xC0, 0x3E, 0x07, 0xC0, 0x3C, 0x03, 0xC0, 0x3F, 0xFF, 0xC0, 0x3F, 0xFF, 0xC0, 0x3F, 0xFF, 0xE0, 0x3F, 0xFF, 0xE0,
      0x3C, 0x00, 0x00, 0x3E, 0x00, 0x00, 0x3F, 0x00, 0xC0, 0x1F, 0xFF, 0xC0, 0x0F, 0xFF, 0xC0, 0x07, 0xFF, 0xC0, 0x01, 0xFF, 0x00, 0x00, 0x00, 0x00,
      0x00, 0x00, 0x00, 0x00, 0x00, 0x00, 0x00, 0x00, 0x00, 0x00, 0x00, 0x00, 0x00, 0x00, 0x00, 0x00, 0x00, 0x00, 0x00, 0x00, 0x00, 0x00, 0x00, 0x00}},
    {0x0066,  // 'f'
     {0x00, 0x00, 0x00, 0x00, 0x00, 0x00, 0x00, 0x00, 0x00, 0x00, 0x00, 0x00, 0x00, 0x00, 0x00, 0x00, 0x00, 0x00, 0x00, 0x3F, 0x80, 0x00, 0xFF, 0x80,
      0x00, 0xFF, 0x80, 0x01, 0xFF, 0x80, 0x01, 0xF0, 0x00, 0x01, 0xF0, 0x00, 0x01, 0xF0, 0x00, 0x1F, 0xFF, 0x80, 0x1F, 0xFF, 0x80, 0x1F, 0xFF, 0x80,
      0x1F, 0xFF, 0x80, 0x01, 0xF0, 0x00, 0x01, 0xF0, 0x00, 0x01, 0xF0, 0x00, 0x01, 0xF0, 0x00, 0x01, 0xF0, 0x00, 0x01, 0xF0, 0x00, 0x01, 0xF0, 0x00,
      0x01, 0xF0, 0x00, 0x01, 0xF0, 0x00, 0x01, 0xF0, 0x00, 0x01, 0xF0, 0x00, 0x01, 0xF0, 0x00, 0x01, 0xF0, 0x00, 0x01, 0xF0, 0x00, 0x00, 0x00, 0x00,
      0x00, 0x00, 0x00, 0x00, 0x00, 0x00, 0x00, 0x00, 0x00, 0x00, 0x00, 0x00, 0x00, 0x00, 0x00, 0x00, 0x00, 0x00, 0x00, 0x00, 0x00, 0x00, 0x00, 0x00}},
    {0x0067,  // 'g'
     {0x00, 0x00, 0x00, 0x00, 0x00, 0x00, 0x00, 0x00, 0x00, 0x00, 0x00, 0x00, 0x00, 0x00, 0x00, 0x00, 0x00, 0x00, 0x00, 0x00, 0x00, 0x00, 0x00, 0x00,
      0x00, 0x00, 0x00, 0x00, 0x00, 0x00, 0x00, 0x00, 0x00, 0x00, 0x00, 0x00, 0x00, 0x00, 0x00, 0x03, 0xE7, 0xC0, 0x0F, 0xF7, 0xC0, 0x1F, 0xFF, 0xC0,
      0x1F, 0xFF, 0xC0, 0x3F, 0x1F, 0xC0, 0x3E, 0x0F, 0xC0, 0x3E, 0x07, 0xC0, 0x3C, 0x07, 0xC0, 0x3C, 0x07, 0xC0, 0x3C, 0x07, 0xC0, 0x3C, 0x07, 0xC0,
      0x3E, 0x07, 0xC0, 0x3E, 0x0F, 0xC0, 0x3F, 0x1F, 0xC0, 0x1F, 0xFF, 0xC0, 0x1F, 0xFF, 0xC0, 0x0F, 0xF7, 0xC0, 0x03, 0xE7, 0xC0, 0x00, 0x07, 0xC0,
      0x00, 0x0F, 0x80, 0x08, 0x1F, 0x80, 0x1F, 0xFF, 0x80, 0x1F, 0xFF, 0x00, 0x1F, 0xFE, 0x00, 0x07, 0xF8, 0x00, 0x00, 0x00, 0x00, 0x00, 0x00, 0x00}},
    {0x0068,  // 'h'
     {0x00, 0x00, 0x00, 0x00, 0x00, 0x00, 0x00, 0x00, 0x00, 0x00, 0x00, 0x00, 0x00, 0x00, 0x00, 0x00, 0x00, 0x00, 0x1E, 0x00, 0x00, 0x1E, 0x00, 0x00,
      0x1E, 0x00, 0x00, 0x1E, 0x00, 0x00, 0x1E, 0x00, 0x00, 0x1E, 0x00, 0x00, 0x1E, 0x00, 0x00, 0x1E, 0x3C, 0x00, 0x1E, 0x7F, 0x00, 0x1F, 0xFF, 0x00,
      0x1F, 0xFF, 0x80, 0x1F, 0x8F, 0x80, 0x1F, 0x0F, 0x80, 0x1F, 0x07, 0x80, 0x1F, 0x07, 0x80, 0x1E, 0x07, 0x80, 0x1E, 0x07, 0x80, 0x1E, 0x07, 0x80,
      0x1E, 0x07, 0x80, 0x1E, 0x07, 0x80, 0x1E, 0x07, 0x80, 0x1E, 0x07, 0x80, 0x1E, 0x07, 0x80, 0x1E, 0x07, 0x80, 0x1E, 0x07, 0x80, 0x00, 0x00, 0x00,
      0x00, 0x00, 0x00, 0x00, 0x00, 0x00, 0x00, 0x00, 0x00, 0x00, 0x00, 0x00, 0x00, 0x00, 0x00, 0x00, 0x00, 0x00, 0x00, 0x00, 0x00, 0x00, 0x00, 0x00}},
    {0x0069,  // 'i'
     {0x00, 0x00, 0x00, 0x00, 0x00, 0x00, 0x00, 0x00, 0x00, 0x00, 0x00, 0x00, 0x00, 0xF8, 0x00, 0x00, 0xF8, 0x00, 0x00, 0xF8, 0x00, 0x00, 0xF8, 0x00,
      0x00, 0xF8, 0x00, 0x00, 0xF8, 0x00, 0x00, 0x00, 0x00, 0x00, 0x00, 0x00, 0x00, 0x00, 0x00, 0x0F, 0xF8, 0x00, 0x0F, 0xF8, 0x00, 0x0F, 0xF8, 0x00,
      0x0F, 0xF8, 0x00, 0x00, 0xF8, 0x00, 0x00, 0xF8, 0x00, 0x00, 0xF8, 0x00, 0x00, 0xF8, 0x00, 0x00, 0xF8, 0x00, 0x00, 0xF8, 0x00, 0x00, 0xF8, 0x00,
      0x00, 0xF8, 0x00, 0x00, 0xF8, 0x00, 0x00, 0xF8, 0x00, 0x3F, 0xFF, 0xE0, 0x3F, 0xFF, 0xE0, 0x3F, 0xFF, 0xE0, 0x3F, 0xFF, 0xE0, 0x00, 0x00, 0x00,
      0x00, 0x00, 0x00, 0x00, 0x00, 0x00, 0x00, 0x00, 0x00, 0x00, 0x00, 0x00, 0x00, 0x00, 0x00, 0x00, 0x00, 0x00, 0x00, 0x00, 0x00, 0x00, 0x00, 0x00}},
    {0x006A,  // 'j'
     {0x00, 0x00, 0x00, 0x00, 0x00, 0x00, 0x00, 0x00, 0x00, 0x00, 0x00, 0x00, 0x00, 0x7C, 0x00, 0x00, 0x7C, 0x00, 0x00, 0x7C, 0x00, 0x00, 0x7C, 0x00,
      0x00, 0x7C, 0x00, 0x00, 0x7C, 0x00, 0x00, 0x00, 0x00, 0x00, 0x00, 0x00, 0x00, 0x00, 0x00, 0x0F, 0xFC, 0x00, 0x0F, 0xFC, 0x00, 0x0F, 0xFC, 0x00,
      0x0F, 0xFC, 0x00, 0x00, 0x7C, 0x00, 0x00, 0x7C, 0x00, 0x00, 0x7C, 0x00, 0x00, 0x7C, 0x00, 0x00, 0x7C, 0x00, 0x00, 0x7C, 0x00, 0x00, 0x7C, 0x00,
      0x00, 0x7C, 0x00, 0x00, 0x7C, 0x00, 0x00, 0x7C, 0x00, 0x00, 0x7C, 0x00, 0x00, 0x7C, 0x00, 0x00, 0x7C, 0x00, 0x00, 0x7C, 0x00, 0x00, 0x7C, 0x00,
      0x00, 0x7C, 0x00, 0x00, 0xF8, 0x00, 0x3F, 0xF8, 0x00, 0x3F, 0xF8, 0x00, 0x3F, 0xF0, 0x00, 0x3F, 0xC0, 0x00, 0x00, 0x00, 0x00, 0x00, 0x00, 0x00}},
    {0x006B,  // 'k'
     {0x00, 0x00, 0x00, 0x00, 0x00, 0x00, 0x00, 0x00, 0x00, 0x00, 0x00, 0x00, 0x00, 0x00, 0x00, 0x00, 0x00, 0x00, 0x1F, 0x00, 0x00, 0x1F, 0x00, 0x00,
      0x1F, 0x00, 0x00, 0x1F, 0x00, 0x00, 0x1F, 0x00, 0x00, 0x1F, 0x00, 0x00, 0x1F, 0x00, 0x00, 0x1F, 0x07, 0xC0, 0x1F, 0x0F, 0x80, 0x1F, 0x1F, 0x00,
      0x1F, 0x3E, 0x00, 0x1F, 0x7C, 0x00, 0x1F, 0xF8, 0x00, 0x1F, 0xF0, 0x00, 0x1F, 0xF8, 0x00, 0x1F, 0xF8, 0x00, 0x1F, 0xFC, 0x00, 0x1F, 0x3C, 0x00,
      0x1F, 0x3E, 0x00, 0x1F, 0x1F, 0x00, 0x1F, 0x1F, 0x00, 0x1F, 0x0F, 0x80, 0x1F, 0x07, 0xC0, 0x1F, 0x07, 0xC0, 0x1F, 0x03, 0xE0, 0x00, 0x00, 0x00,
      0x00, 0x00, 0x00, 0x00, 0x00, 0x00, 0x00, 0x00, 0x00, 0x00, 0x00, 0x00, 0x00, 0x00, 0x00, 0x00, 0x00, 0x00, 0x00, 0x00, 0x00, 0x00, 0x00, 0x00}},
    {0x006C,  // 'l'
     {0x00, 0x00, 0x00, 0x00, 0x00, 0x00, 0x00, 0x00, 0x00, 0x00, 0x00, 0x00, 0x00, 0x00, 0x00, 0x00, 0x00, 0x00, 0x7F, 0xE0, 0x00, 0x7F, 0xE0, 0x00,
      0x7F, 0xE0, 0x00, 0x7F, 0xE0, 0x00, 0x03, 0xE0, 0x00, 0x03, 0xE0, 0x00, 0x03, 0xE0, 0x00, 0x03, 0xE0, 0x00, 0x03, 0xE0, 0x00, 0x03, 0xE0, 0x00,
      0x03, 0xE0, 0x00, 0x03, 0xE0, 0x00, 0x03, 0xE0, 0x00, 0x03, 0xE0, 0x00, 0x03, 0xE0, 0x00, 0x03, 0xE0, 0x00, 0x03, 0xE0, 0x00, 0x03, 0xE0, 0x00,
      0x03, 0xE0, 0x00, 0x03, 0xE0, 0x00, 0x01, 0xF0, 0x00, 0x01, 0xFF, 0xC0, 0x01, 0xFF, 0xC0, 0x00, 0xFF, 0xC0, 0x00, 0x3F, 0xC0, 0x00, 0x00, 0x00,
      0x00, 0x00, 0x00, 0x00, 0x00, 0x00, 0x00, 0x00, 0x00, 0x00, 0x00, 0x00, 0x00, 0x00, 0x00, 0x00, 0x00, 0x00, 0x00, 0x00, 0x00, 0x00, 0x00, 0x00}},
    {0x006D,  // 'm'
     {0x00, 0x00, 0x00, 0x00, 0x00, 0x00, 0x00, 0x00, 0x00, 0x00, 0x00, 0x00, 0x00, 0x00, 0x00, 0x00, 0x00, 0x00, 0x00, 0x00, 0x00, 0x00, 0x00, 0x00,
      0x00, 0x00, 0x00, 0x00, 0x00, 0x00, 0x00, 0x00, 0x00, 0x00, 0x00, 0x00, 0x00, 0x00, 0x00, 0x7B, 0xC7, 0x80, 0x7F, 0xEF, 0xC0, 0x7F, 0xFF, 0xC0,
      0x7F, 0xFF, 0xC0, 0x7C, 0xF3, 0xC0, 0x78, 0xF1, 0xC0, 0x78, 0xF1, 0xE0, 0x78, 0xF1, 0xE0, 0x78, 0xF1, 0xE0, 0x78, 0xF1, 0xE0, 0x78, 0xF1, 0xE0,
      0x78, 0xF1, 0xE0, 0x78, 0xF1, 0xE0, 0x78, 0xF1, 0xE0, 0x78, 0xF1, 0xE0, 0x78, 0xF1, 0xE0, 0x78, 0xF1, 0xE0, 0x78, 0xF1, 0xE0, 0x00, 0x00, 0x00,
      0x00, 0x00, 0x00, 0x00, 0x00, 0x00, 0x00, 0x00, 0x00, 0x00, 0x00, 0x00, 0x00, 0x00, 0x00, 0x00, 0x00, 0x00, 0x00, 0x00, 0x00, 0x00, 0x00, 0x00}},
    {0x006E,  // 'n'
     {0x00, 0x00, 0x00, 0x00, 0x00, 0x00, 0x00, 0x00, 0x00, 0x00, 0x00, 0x00, 0x00, 0x00, 0x00, 0x00, 0x00, 0x00, 0x00, 0x00, 0x00, 0x00, 0x00, 0x00,
      0x00, 0x00, 0x00, 0x00, 0x00, 0x00, 0x00, 0x00, 0x00, 0x00, 0x00, 0x00, 0x00, 0x00, 0x00, 0x1E, 0x3C, 0x00, 0x1E, 0xFF, 0x00, 0x1F, 0xFF, 0x00,
      0x1F, 0xFF, 0x80, 0x1F, 0x8F, 0x80, 0x1F, 0x0F, 0x80, 0x1F, 0x07, 0x80, 0x1F, 0x07, 0x80, 0x1E, 0x07, 0x80, 0x1E, 0x07, 0x80, 0x1E, 0x07, 0x80,
      0x1E, 0x07, 0x80, 0x1E, 0x07, 0x80, 0x1E, 0x07, 0x80, 0x1E, 0x07, 0x80, 0x1E, 0x07, 0x80, 0x1E, 0x07, 0x80, 0x1E, 0x07, 0x80, 0x00, 0x00, 0x00,
      0x00, 0x00, 0x00, 0x00, 0x00, 0x00, 0x00, 0x00, 0x00, 0x00, 0x00, 0x00, 0x00, 0x00, 0x00, 0x00, 0x00, 0x00, 0x00, 0x00, 0x00, 0x00, 0x00, 0x00}},
    {0x006F,  // 'o'
     {0x00, 0x00, 0x00, 0x00, 0x00, 0x00, 0x00, 0x00, 0x00, 0x00, 0x00, 0x00, 0x00, 0x00, 0x00, 0x00, 0x00, 0x00, 0x00, 0x00, 0x00, 0x00, 0x00, 0x00,
      0x00, 0x00, 0x00, 0x00, 0x00, 0x00, 0x00, 0x00, 0x00, 0x00, 0x00, 0x00, 0x00, 0x00, 0x00, 0x01, 0xF8, 0x00, 0x07, 0xFE, 0x00, 0x0F, 0xFF, 0x00,
      0x1F, 0xFF, 0x80, 0x1F, 0x0F, 0x80, 0x3E, 0x07, 0xC0, 0x3E, 0x07, 0xC0, 0x3C, 0x07, 0xC0, 0x3C, 0x03, 0xC0, 0x3C, 0x03, 0xC0, 0x3C, 0x07, 0xC0,
      0x3E, 0x07, 0xC0, 0x3E, 0x07, 0xC0, 0x1F, 0x0F, 0x80, 0x1F, 0xFF, 0x80, 0x0F, 0xFF, 0x00, 0x07, 0xFE, 0x00, 0x01, 0xF8, 0x00, 0x00, 0x00, 0x00,
      0x00, 0x00, 0x00, 0x00, 0x00, 0x00, 0x00, 0x00, 0x00, 0x00, 0x00, 0x00, 0x00, 0x00, 0x00, 0x00, 0x00, 0x00, 0x00, 0x00, 0x00, 0x00, 0x00, 0x00}},
    {0x0070,  // 'p'
     {0x00, 0x00, 0x00, 0x00, 0x00, 0x00, 0x00, 0x00, 0x00, 0x00, 0x00, 0x00, 0x00, 0x00, 0x00, 0x00, 0x00, 0x00, 0x00, 0x00, 0x00, 0x00, 0x00, 0x00,
      0x00, 0x00, 0x00, 0x00, 0x00, 0x00, 0x00, 0x00, 0x00, 0x00, 0x00, 0x00, 0x00, 0x00, 0x00, 0x3E, 0x3C, 0x00, 0x3E, 0xFF, 0x00, 0x3F, 0xFF, 0x80,
      0x3F, 0xFF, 0x80, 0x3F, 0x8F, 0xC0, 0x3F, 0x07, 0xC0, 0x3E, 0x07, 0xC0, 0x3E, 0x03, 0xC0, 0x3E, 0x03, 0xC0, 0x3E, 0x03, 0xC0, 0x3E, 0x03, 0xC0,
      0x3E, 0x07, 0xC0, 0x3F, 0x07, 0xC0, 0x3F, 0x8F, 0xC0, 0x3F, 0xFF, 0x80, 0x3F, 0xFF, 0x80, 0x3E, 0xFF, 0x00, 0x3E, 0x3C, 0x00, 0x3E, 0x00, 0x00,
      0x3E, 0x00, 0x00, 0x3E, 0x00, 0x00, 0x3E, 0x00, 0x00, 0x3E, 0x00, 0x00, 0x3E, 0x00, 0x00, 0x3E, 0x00, 0x00, 0x00, 0x00, 0x00, 0x00, 0x00, 0x00}},
    {0x0071,  // 'q'
     {0x00, 0x00, 0x00, 0x00, 0x00, 0x00, 0x00, 0x00, 0x00, 0x00, 0x00, 0x00, 0x00, 0x00, 0x00, 0x00, 0x00, 0x00, 0x00, 0x00, 0x00, 0x00, 0x00, 0x00,
      0x00, 0x00, 0x00, 0x00, 0x00, 0x00, 0x00, 0x00, 0x00, 0x00, 0x00, 0x00, 0x00, 0x00, 0x00, 0x03, 0xC7, 0x80, 0x0F, 0xF7, 0x80, 0x1F, 0xFF, 0x80,
      0x1F, 0xFF, 0x80, 0x3F, 0x1F, 0x80, 0x3E, 0x0F, 0x80, 0x3E, 0x0F, 0x80, 0x3C, 0x07, 0x80, 0x7C, 0x07, 0x80, 0x7C, 0x07, 0x80, 0x3C, 0x07, 0x80,
      0x3E, 0x0F, 0x80, 0x3E, 0x0F, 0x80, 0x3F, 0x1F, 0x80, 0x1F, 0xFF, 0x80, 0x1F, 0xFF, 0x80, 0x0F, 0xF7, 0x80, 0x03, 0xC7, 0x80, 0x00, 0x07, 0x80,
      0x00, 0x07, 0x80, 0x00, 0x07, 0x80, 0x00, 0x07, 0x80, 0x00, 0x07, 0x80, 0x00, 0x07, 0x80, 0x00, 0x07, 0x80, 0x00, 0x00, 0x00, 0x00, 0x00, 0x00}},
    {0x0072,  // 'r'
     {0x00, 0x00, 0x00, 0x00, 0x00, 0x00, 0x00, 0x00, 0x00, 0x00, 0x00, 0x00, 0x00, 0x00, 0x00, 0x00, 0x00, 0x00, 0x00, 0x00, 0x00, 0x00, 0x00, 0x00,
      0x00, 0x00, 0x00, 0x00, 0x00, 0x00, 0x00, 0x00, 0x00, 0x00, 0x00, 0x00, 0x00, 0x00, 0x00, 0x07, 0x8F, 0x80, 0x07, 0x9F, 0xE0, 0x07, 0xFF, 0xE0,
      0x07, 0xFF, 0xE0, 0x07, 0xF0, 0x60, 0x07, 0xE0, 0x00, 0x07, 0xC0, 0x00, 0x07, 0xC0, 0x00, 0x07, 0x80, 0x00, 0x07, 0x80, 0x00, 0x07, 0x80, 0x00,
      0x07, 0x80, 0x00, 0x07, 0x80, 0x00, 0x07, 0x80, 0x00, 0x07, 0x80, 0x00, 0x07, 0x80, 0x00, 0x07, 0x80, 0x00, 0x07, 0x80, 0x00, 0x00, 0x00, 0x00,
      0x00, 0x00, 0x00, 0x00, 0x00, 0x00, 0x00, 0x00, 0x00, 0x00, 0x00, 0x00, 0x00, 0x00, 0x00, 0x00, 0x00, 0x00, 0x00, 0x00, 0x00, 0x00, 0x00, 0x00}},
    {0x0073,  // 's'
     {0x00, 0x00, 0x00, 0x00, 0x00, 0x00, 0x00, 0x00, 0x00, 0x00, 0x00, 0x00, 0x00, 0x00, 0x00, 0x00, 0x00, 0x00, 0x00, 0x00, 0x00, 0x00, 0x00, 0x00,
      0x00, 0x00, 0x00, 0x00, 0x00, 0x00, 0x00, 0x00, 0x00, 0x00, 0x00, 0x00, 0x00, 0x00, 0x00, 0x03, 0xFC, 0x00, 0x07, 0xFF, 0x00, 0x0F, 0xFF, 0x00,
      0x1F, 0xFF, 0x00, 0x1F, 0x03, 0x00, 0x1E, 0x00, 0x00, 0x1F, 0x00, 0x00, 0x1F, 0xF0, 0x00, 0x0F, 0xFE, 0x00, 0x07, 0xFF, 0x00, 0x00, 0xFF, 0x80,
      0x00, 0x0F, 0x80, 0x00, 0x07, 0x80, 0x18, 0x0F, 0x80, 0x1F, 0xFF, 0x80, 0x1F, 0xFF, 0x00, 0x1F, 0xFF, 0x00, 0x07, 0xFC, 0x00, 0x00, 0x00, 0x00,
      0x00, 0x00, 0x00, 0x00, 0x00, 0x00, 0x00, 0x00, 0x00, 0x00, 0x00, 0x00, 0x00, 0x00, 0x00, 0x00, 0x00, 0x00, 0x00, 0x00, 0x00, 0x00, 0x00, 0x00}},
    {0x0074,  // 't'
     {0x00, 0x00, 0x00, 0x00, 0x00, 0x00, 0x00, 0x00, 0x00, 0x00, 0x00, 0x00, 0x00, 0x00, 0x00, 0x00, 0x00, 0x00, 0x00, 0x00, 0x00, 0x00, 0x00, 0x00,
      0x03, 0xE0, 0x00, 0x03, 0xE0, 0x00, 0x03, 0xE0, 0x00, 0x03, 0xE0, 0x00, 0x03, 0xE0, 0x00, 0x3F, 0xFF, 0x80, 0x3F, 0xFF, 0x80, 0x3F, 0xFF, 0x80,
      0x3F, 0xFF, 0x80, 0x03, 0xE0, 0x00, 0x03, 0xE0, 0x00, 0x03, 0xE0, 0x00, 0x03, 0xE0, 0x00, 0x03, 0xE0, 0x00, 0x03, 0xE0, 0x00, 0x03, 0xE0, 0x00,
      0x03, 0xE0, 0x00, 0x03, 0xE0, 0x00, 0x01, 0xF0, 0x00, 0x01, 0xFF, 0x80, 0x01, 0xFF, 0x80, 0x00, 0xFF, 0x80, 0x00, 0x7F, 0x80, 0x00, 0x00, 0x00,
      0x00, 0x00, 0x00, 0x00, 0x00, 0x00, 0x00, 0x00, 0x00, 0x00, 0x00, 0x00, 0x00, 0x00, 0x00, 0x00, 0x00, 0x00, 0x00, 0x00, 0x00, 0x00, 0x00, 0x00}},
    {0x0075,  // 'u'
     {0x00, 0x00, 0x00, 0x00, 0x00, 0x00, 0x00, 0x00, 0x00, 0x00, 0x00, 0x00, 0x00, 0x00, 0x00, 0x00, 0x00, 0x00, 0x00, 0x00, 0x00, 0x00, 0x00, 0x00,
      0x00, 0x00, 0x00, 0x00, 0x00, 0x00, 0x00, 0x00, 0x00, 0x00, 0x00, 0x00, 0x00, 0x00, 0x00, 0x1E, 0x0F, 0x80, 0x1E, 0x0F, 0x80, 0x1E, 0x0F, 0x80,
      0x1E, 0x0F, 0x80, 0x1E, 0x0F, 0x80, 0x1E, 0x0F, 0x80, 0x1E, 0x0F, 0x80, 0x1E, 0x0F, 0x80, 0x1E, 0x0F, 0x80, 0x1E, 0x0F, 0x80, 0x1E, 0x0F, 0x80,
      0x1E, 0x0F, 0x80, 0x1F, 0x0F, 0x80, 0x1F, 0x1F, 0x80, 0x1F, 0xFF, 0x80, 0x1F, 0xFF, 0x80, 0x0F, 0xEF, 0x80, 0x07, 0xCF, 0x80, 0x00, 0x00, 0x00,
      0x00, 0x00, 0x00, 0x00, 0x00, 0x00, 0x00, 0x00, 0x00, 0x00, 0x00, 0x00, 0x00, 0x00, 0x00, 0x00, 0x00, 0x00, 0x00, 0x00, 0x00, 0x00, 0x00, 0x00}},
    {0x0076,  // 'v'
     {0x00, 0x00, 0x00, 0x00, 0x00, 0x00, 0x00, 0x00, 0x00, 0x00, 0x00, 0x00, 0x00, 0x00, 0x00, 0x00, 0x00, 0x00, 0x00, 0x00, 0x00, 0x00, 0x00, 0x00,
      0x00, 0x00, 0x00, 0x00, 0x00, 0x00, 0x00, 0x00, 0x00, 0x00, 0x00, 0x00, 0x00, 0x00, 0x00, 0x7C, 0x03, 0xC0, 0x3C, 0x07, 0xC0, 0x3E, 0x07, 0xC0,
      0x3E, 0x07, 0x80, 0x1E, 0x07, 0x80, 0x1F, 0x0F, 0x80, 0x1F, 0x0F, 0x80, 0x0F, 0x0F, 0x00, 0x0F, 0x1F, 0x00, 0x0F, 0x9F, 0x00, 0x07, 0x9E, 0x00,
      0x07, 0x9E, 0x00, 0x07, 0xBE, 0x00, 0x03, 0xFC, 0x00, 0x03, 0xFC, 0x00, 0x03, 0xFC, 0x00, 0x01, 0xF8, 0x00, 0x01, 0xF8, 0x00, 0x00, 0x00, 0x00,
      0x00, 0x00, 0x00, 0x00, 0x00, 0x00, 0x00, 0x00, 0x00, 0x00, 0x00, 0x00, 0x00, 0x00, 0x00, 0x00, 0x00, 0x00, 0x00, 0x00, 0x00, 0x00, 0x00, 0x00}},
    {0x0077,  // 'w'
     {0x00, 0x00, 0x00, 0x00, 0x00, 0x00, 0x00, 0x00, 0x00, 0x00, 0x00, 0x00, 0x00, 0x00, 0x00, 0x00, 0x00, 0x00, 0x00, 0x00, 0x00, 0x00, 0x00, 0x00,
      0x00, 0x00, 0x00, 0x00, 0x00, 0x00, 0x00, 0x00, 0x00, 0x00, 0x00, 0x00, 0x00, 0x00, 0x00, 0xF0, 0x00, 0xF0, 0xF0, 0x00, 0xF0, 0xF0, 0x00, 0xE0,
      0x70, 0x01, 0xE0, 0x78, 0x01, 0xE0, 0x78, 0xF1, 0xE0, 0x78, 0xF1, 0xE0, 0x79, 0xF1, 0xE0, 0x39, 0xF9, 0xC0, 0x39, 0xFB, 0xC0, 0x3D, 0xFB, 0xC0,
      0x3D, 0x9B, 0xC0, 0x3F, 0x9B, 0xC0, 0x3F, 0x9F, 0x80, 0x1F, 0x9F, 0x80, 0x1F, 0x0F, 0x80, 0x1F, 0x0F, 0x80, 0x1F, 0x0F, 0x80, 0x00, 0x00, 0x00,
      0x00, 0x00, 0x00, 0x00, 0x00, 0x00, 0x00, 0x00, 0x00, 0x00, 0x00, 0x00, 0x00, 0x00, 0x00, 0x00, 0x00, 0x00, 0x00, 0x00, 0x00, 0x00, 0x00, 0x00}},
    {0x0078,  // 'x'
     {0x00, 0x00, 0x00, 0x00, 0x00, 0x00, 0x00, 0x00, 0x00, 0x00, 0x00, 0x00, 0x00, 0x00, 0x00, 0x00, 0x00, 0x00, 0x00, 0x00, 0x00, 0x00, 0x00, 0x00,
      0x00, 0x00, 0x00, 0x00, 0x00, 0x00, 0x00, 0x00, 0x00, 0x00, 0x00, 0x00, 0x00, 0x00, 0x00, 0x3E, 0x07, 0xC0, 0x3F, 0x0F, 0x80, 0x1F, 0x0F, 0x80,
      0x0F, 0x9F, 0x00, 0x07, 0xBE, 0x00, 0x07, 0xFE, 0x00, 0x03, 0xFC, 0x00, 0x01, 0xF8, 0x00, 0x01, 0xF8, 0x00, 0x01, 0xF8, 0x00, 0x03, 0xFC, 0x00,
      0x03, 0xFC, 0x00, 0x07, 0xFE, 0x00, 0x0F, 0x9F, 0x00, 0x1F, 0x1F, 0x80, 0x1F, 0x0F, 0x80, 0x3E, 0x07, 0xC0, 0x7E, 0x07, 0xE0, 0x00, 0x00, 0x00,
      0x00, 0x00, 0x00, 0x00, 0x00, 0x00, 0x00, 0x00, 0x00, 0x00, 0x00, 0x00, 0x00, 0x00, 0x00, 0x00, 0x00, 0x00, 0x00, 0x00, 0x00, 0x00, 0x00, 0x00}},
    {0x0079,  // 'y'
     {0x00, 0x00, 0x00, 0x00, 0x00, 0x00, 0x00, 0x00, 0x00, 0x00, 0x00, 0x00, 0x00, 0x00, 0x00, 0x00, 0x00, 0x00, 0x00, 0x00, 0x00, 0x00, 0x00, 0x00,
      0x00, 0x00, 0x00, 0x00, 0x00, 0x00, 0x00, 0x00, 0x00, 0x00, 0x00, 0x00, 0x00, 0x00, 0x00, 0x7C, 0x03, 0xE0, 0x3C, 0x07, 0xC0, 0x3E, 0x07, 0xC0,
      0x3E, 0x07, 0xC0, 0x1E, 0x0F, 0x80, 0x1F, 0x0F, 0x80, 0x0F, 0x0F, 0x00, 0x0F, 0x9F, 0x00, 0x0F, 0x9F, 0x00, 0x07, 0x9E, 0x00, 0x07, 0xFE, 0x00,
      0x07, 0xFE, 0x00, 0x03, 0xFC, 0x00, 0x03, 0xFC, 0x00, 0x01, 0xF8, 0x00, 0x01, 0xF8, 0x00, 0x01, 0xF8, 0x00, 0x00, 0xF0, 0x00, 0x01, 0xF0, 0x00,
      0x01, 0xF0, 0x00, 0x03, 0xE0, 0x00, 0x3F, 0xE0, 0x00, 0x3F, 0xC0, 0x00, 0x3F, 0x80, 0x00, 0x3F, 0x00, 0x00, 0x00, 0x00, 0x00, 0x00, 0x00, 0x00}},
    {0x007A,  // 'z'
     {0x00, 0x00, 0x00, 0x00, 0x00, 0x00, 0x00, 0x00, 0x00, 0x00, 0x00, 0x00, 0x00, 0x00, 0x00, 0x00, 0x00, 0x00, 0x00, 0x00, 0x00, 0x00, 0x00, 0x00,
      0x00, 0x00, 0x00, 0x00, 0x00, 0x00, 0x00, 0x00, 0x00, 0x00, 0x00, 0x00, 0x00, 0x00, 0x00, 0x1F, 0xFF, 0x80, 0x1F, 0xFF, 0x80, 0x1F, 0xFF, 0x80,
      0x1F, 0xFF, 0x80, 0x00, 0x0F, 0x80, 0x00, 0x1F, 0x00, 0x00, 0x3E, 0x00, 0x00, 0x7C, 0x00, 0x00, 0xF8, 0x00, 0x01, 0xF0, 0x00, 0x03, 0xE0, 0x00,
      0x07, 0xC0, 0x00, 0x0F, 0x80, 0x00, 0x1F, 0x00, 0x00, 0x1F, 0xFF, 0x80, 0x1F, 0xFF, 0x80, 0x1F, 0xFF, 0x80, 0x1F, 0xFF, 0x80, 0x00, 0x00, 0x00,
      0x00, 0x00, 0x00, 0x00, 0x00, 0x00, 0x00, 0x00, 0x00, 0x00, 0x00, 0x00, 0x00, 0x00, 0x00, 0x00, 0x00, 0x00, 0x00, 0x00, 0x00, 0x00, 0x00, 0x00}},
    {0x007B,  // '{'
     {0x00, 0x00, 0x00, 0x00, 0x00, 0x00, 0x00, 0x00, 0x00, 0x00, 0x00, 0x00, 0x00, 0x00, 0x00, 0x00, 0x00, 0x00, 0x00, 0x1F, 0x80, 0x00, 0x7F, 0x80,
      0x00, 0xFF, 0x80, 0x00, 0xF8, 0x00, 0x00, 0xF0, 0x00, 0x00, 0xF0, 0x00, 0x00, 0xF0, 0x00, 0x00, 0xF0, 0x00, 0x00, 0xF0, 0x00, 0x00, 0xF0, 0x00,
      0x00, 0xF0, 0x00, 0x00, 0xF0, 0x00, 0x01, 0xF0, 0x00, 0x03, 0xF0, 0x00, 0x1F, 0xE0, 0x00, 0x1F, 0xC0, 0x00, 0x1F, 0xE0, 0x00, 0x03, 0xF0, 0x00,
      0x01, 0xF0, 0x00, 0x00, 0xF0, 0x00, 0x00, 0xF0, 0x00, 0x00, 0xF0, 0x00, 0x00, 0xF0, 0x00, 0x00, 0xF0, 0x00, 0x00, 0xF0, 0x00, 0x00, 0xF0, 0x00,
      0x00, 0xF8, 0x00, 0x00, 0xFF, 0x80, 0x00, 0x7F, 0x80, 0x00, 0x3F, 0x80, 0x00, 0x00, 0x00, 0x00, 0x00, 0x00, 0x00, 0x00, 0x00, 0x00, 0x00, 0x00}},
    {0x007C,  // '|'
     {0x00, 0x00, 0x00, 0x00, 0x00, 0x00, 0x00, 0x00, 0x00, 0x00, 0x00, 0x00, 0x00, 0x00, 0x00, 0x00, 0x00, 0x00, 0x00, 0xF0, 0x00, 0x00, 0xF0, 0x00,
      0x00, 0xF0, 0x00, 0x00, 0xF0, 0x00, 0x00, 0xF0, 0x00, 0x00, 0xF0, 0x00, 0x00, 0xF0, 0x00, 0x00, 0xF0, 0x00, 0x00, 0xF0, 0x00, 0x00, 0xF0, 0x00,
      0x00, 0xF0, 0x00, 0x00, 0xF0, 0x00, 0x00, 0xF0, 0x00, 0x00, 0xF0, 0x00, 0x00, 0xF0, 0x00, 0x00, 0xF0, 0x00, 0x00, 0xF0, 0x00, 0x00, 0xF0, 0x00,
      0x00, 0xF0, 0x00, 0x00, 0xF0, 0x00, 0x00, 0xF0, 0x00, 0x00, 0xF0, 0x00, 0x00, 0xF0, 0x00, 0x00, 0xF0, 0x00, 0x00, 0xF0, 0x00, 0x00, 0xF0, 0x00,
      0x00, 0xF0, 0x00, 0x00, 0xF0, 0x00, 0x00, 0xF0, 0x00, 0x00, 0xF0, 0x00, 0x00, 0xF0, 0x00, 0x00, 0xF0, 0x00, 0x00, 0xF0, 0x00, 0x00, 0x00, 0x00}},
    {0x007D,  // '}'
     {0x00, 0x00, 0x00, 0x00, 0x00, 0x00, 0x00, 0x00, 0x00, 0x00, 0x00, 0x00, 0x00, 0x00, 0x00, 0x00, 0x00, 0x00, 0x1F, 0x80, 0x00, 0x1F, 0xE0, 0x00,
      0x1F, 0xE0, 0x00, 0x01, 0xF0, 0x00, 0x01, 0xF0, 0x00, 0x00, 0xF0, 0x00, 0x00, 0xF0, 0x00, 0x00, 0xF0, 0x00, 0x00, 0xF0, 0x00, 0x00, 0xF0, 0x00,
      0x00, 0xF0, 0x00, 0x00, 0xF0, 0x00, 0x00, 0xF8, 0x00, 0x00, 0xFC, 0x00, 0x00, 0x7F, 0x80, 0x00, 0x3F, 0x80, 0x00, 0x7F, 0x80, 0x00, 0xF8, 0x00,
      0x00, 0xF8, 0x00, 0x00, 0xF0, 0x00, 0x00, 0xF0, 0x00, 0x00, 0xF0, 0x00, 0x00, 0xF0, 0x00, 0x00, 0xF0, 0x00, 0x00, 0xF0, 0x00, 0x01, 0xF0, 0x00,
      0x01, 0xF0, 0x00, 0x1F, 0xF0, 0x00, 0x1F, 0xE0, 0x00, 0x1F, 0x80, 0x00, 0x00, 0x00, 0x00, 0x00, 0x00, 0x00, 0x00, 0x00, 0x00, 0x00, 0x00, 0x00}},
    {0x007E,  // '~'
     {0x00, 0x00, 0x00, 0x00, 0x00, 0x00, 0x00, 0x00, 0x00, 0x00, 0x00, 0x00, 0x00, 0x00, 0x00, 0x00, 0x00, 0x00, 0x00, 0x00, 0x00, 0x00, 0x00, 0x00,
      0x00, 0x00, 0x00, 0x00, 0x00, 0x00, 0x00, 0x00, 0x00, 0x00, 0x00, 0x00, 0x00, 0x00, 0x00, 0x00, 0x00, 0x00, 0x00, 0x00, 0x00, 0x00, 0x00, 0x00,
      0x00, 0x00, 0x00, 0x00, 0x00, 0x00, 0x0F, 0x80, 0x00, 0x3F, 0xF0, 0xC0, 0x7F, 0xFF, 0xC0, 0x7F, 0xFF, 0xC0, 0x70, 0x7F, 0xC0, 0x00, 0x1F, 0x00,
      0x00, 0x00, 0x00, 0x00, 0x00, 0x00, 0x00, 0x00, 0x00, 0x00, 0x00, 0x00, 0x00, 0x00, 0x00, 0x00, 0x00, 0x00, 0x00, 0x00, 0x00, 0x00, 0x00, 0x00,
      0x00, 0x00, 0x00, 0x00, 0x00, 0x00, 0x00, 0x00, 0x00, 0x00, 0x00, 0x00, 0x00, 0x00, 0x00, 0x00, 0x00, 0x00, 0x00, 0x00, 0x00, 0x00, 0x00, 0x00}},
    {0x00D3,  // 'Ó'
     {0x00, 0x00, 0x00, 0x00, 0x3E, 0x00, 0x00, 0x3C, 0x00, 0x00, 0x70, 0x00, 0x00, 0xE0, 0x00, 0x00, 0x00, 0x00, 0x00, 0x00, 0x00, 0x01, 0xF8, 0x00,
      0x07, 0xFE, 0x00, 0x0F, 0xFF, 0x00, 0x1F, 0xFF, 0x00, 0x1F, 0x1F, 0x80, 0x3E, 0x0F, 0x80, 0x3E, 0x07, 0xC0, 0x3E, 0x07, 0xC0, 0x3E, 0x07, 0xC0,
      0x3E, 0x07, 0xC0, 0x3C, 0x07, 0xC0, 0x3C, 0x07, 0xC0, 0x3C, 0x07, 0xC0, 0x3C, 0x07, 0xC0, 0x3E, 0x07, 0xC0, 0x3E, 0x07, 0xC0, 0x3E, 0x07, 0xC0,
      0x3E, 0x07, 0xC0, 0x3E, 0x0F, 0x80, 0x1F, 0x1F, 0x80, 0x1F, 0xFF, 0x80, 0x0F, 0xFF, 0x00, 0x07, 0xFE, 0x00, 0x01, 0xF8, 0x00, 0x00, 0x00, 0x00,
      0x00, 0x00, 0x00, 0x00, 0x00, 0x00, 0x00, 0x00, 0x00, 0x00, 0x00, 0x00, 0x00, 0x00, 0x00, 0x00, 0x00, 0x00, 0x00, 0x00, 0x00, 0x00, 0x00, 0x00}},
    {0x00F3,  // 'ó'
     {0x00, 0x00, 0x00, 0x00, 0x00, 0x00, 0x00, 0x00, 0x00, 0x00, 0x00, 0x00, 0x00, 0x00, 0x00, 0x00, 0x0F, 0x00, 0x00, 0x1E, 0x00, 0x00, 0x3C, 0x00,
      0x00, 0x78, 0x00, 0x00, 0x70, 0x00, 0x00, 0xE0, 0x00, 0x00, 0x00, 0x00, 0x00, 0x00, 0x00, 0x01, 0xF8, 0x00, 0x07, 0xFE, 0x00, 0x0F, 0xFF, 0x00,
      0x1F, 0xFF, 0x80, 0x1F, 0x0F, 0x80, 0x3E, 0x07, 0xC0, 0x3E, 0x07, 0xC0, 0x3C, 0x07, 0xC0, 0x3C, 0x03, 0xC0, 0x3C, 0x03, 0xC0, 0x3C, 0x07, 0xC0,
      0x3E, 0x07, 0xC0, 0x3E, 0x07, 0xC0, 0x1F, 0x0F, 0x80, 0x1F, 0xFF, 0x80, 0x0F, 0xFF, 0x00, 0x07, 0xFE, 0x00, 0x01, 0xF8, 0x00, 0x00, 0x00, 0x00,
      0x00, 0x00, 0x00, 0x00, 0x00, 0x00, 0x00, 0x00, 0x00, 0x00, 0x00, 0x00, 0x00, 0x00, 0x00, 0x00, 0x00, 0x00, 0x00, 0x00, 0x00, 0x00, 0x00, 0x00}},
    {0x0104,  // 'Ą'
     {0x00, 0x00, 0x00, 0x00, 0x00, 0x00, 0x00, 0x00, 0x00, 0x00, 0x00, 0x00, 0x00, 0x00, 0x00, 0x00, 0x00, 0x00, 0x00, 0x00, 0x00, 0x01, 0xF8, 0x00,
      0x01, 0xF8, 0x00, 0x03, 0xFC, 0x00, 0x03, 0xFC, 0x00, 0x03, 0xFC, 0x00, 0x03, 0xFC, 0x00, 0x07, 0xBE, 0x00, 0x07, 0x9E, 0x00, 0x07, 0x9E, 0x00,
      0x0F, 0x9E, 0x00, 0x0F, 0x1F, 0x00, 0x0F, 0x0F, 0x00, 0x0F, 0x0F, 0x00, 0x1F, 0x0F, 0x00, 0x1F, 0xFF, 0x80, 0x1F, 0xFF, 0x80, 0x1F, 0xFF, 0x80,
      0x3F, 0xFF, 0xC0, 0x3E, 0x07, 0xC0, 0x3C, 0x07, 0xC0, 0x7C, 0x03, 0xC0, 0x7C, 0x03, 0xE0, 0x7C, 0x03, 0xE0, 0x78, 0x03, 0xE0, 0x00, 0x03, 0x00,
      0x00, 0x03, 0x00, 0x00, 0x07, 0x10, 0x00, 0x07, 0xF0, 0x00, 0x07, 0xF0, 0x00, 0x03, 0xF0, 0x00, 0x00, 0x00, 0x00, 0x00, 0x00, 0x00, 0x00, 0x00}},
    {0x0105,  // 'ą'
     {0x00, 0x00, 0x00, 0x00, 0x00, 0x00, 0x00, 0x00, 0x00, 0x00, 0x00, 0x00, 0x00, 0x00, 0x00, 0x00, 0x00, 0x00, 0x00, 0x00, 0x00, 0x00, 0x00, 0x00,
      0x00, 0x00, 0x00, 0x00, 0x00, 0x00, 0x00, 0x00, 0x00, 0x00, 0x00, 0x00, 0x00, 0x00, 0x00, 0x07, 0xFC, 0x00, 0x1F, 0xFF, 0x00, 0x1F, 0xFF, 0x80,
      0x1E, 0x0F, 0x80, 0x10, 0x07, 0xC0, 0x00, 0x07, 0xC0, 0x03, 0xFF, 0xC0, 0x0F, 0xFF, 0xC0, 0x1F, 0xFF, 0xC0, 0x3F, 0x07, 0xC0, 0x3E, 0x07, 0xC0,
      0x3E, 0x07, 0xC0, 0x3E, 0x07, 0xC0, 0x3E, 0x0F, 0xC0, 0x3F, 0x1F, 0xC0, 0x3F, 0xFF, 0xC0, 0x1F, 0xF7, 0xC0, 0x07, 0xE7, 0xC0, 0x00, 0x06, 0x00,
      0x00, 0x0C, 0x00, 0x00, 0x1C, 0x40, 0x00, 0x1F, 0xC0, 0x00, 0x0F, 0xC0, 0x00, 0x07, 0xC0, 0x00, 0x00, 0x00, 0x00, 0x00, 0x00, 0x00, 0x00, 0x00}},
    {0x0106,  // 'Ć'
     {0x00, 0x00, 0x00, 0x00, 0x07, 0x80, 0x00, 0x0F, 0x00, 0x00, 0x1E, 0x00, 0x00, 0x3C, 0x00, 0x00, 0x00, 0x00, 0x00, 0x00, 0x00, 0x00, 0x7F, 0x00,
      0x01, 0xFF, 0x80, 0x03, 0xFF, 0x80, 0x07, 0xFF, 0x80, 0x0F, 0xC1, 0x80, 0x0F, 0x80, 0x00, 0x1F, 0x00, 0x00, 0x1F, 0x00, 0x00, 0x1F, 0x00, 0x00,
      0x1F, 0x00, 0x00, 0x1E, 0x00, 0x00, 0x3E, 0x00, 0x00, 0x3E, 0x00, 0x00, 0x1E, 0x00, 0x00, 0x1F, 0x00, 0x00, 0x1F, 0x00, 0x00, 0x1F, 0x00, 0x00,
      0x1F, 0x00, 0x00, 0x0F, 0x80, 0x00, 0x0F, 0xC1, 0x80, 0x07, 0xFF, 0x80, 0x03, 0xFF, 0x80, 0x01, 0xFF, 0x80, 0x00, 0x7F, 0x00, 0x00, 0x00, 0x00,
      0x00, 0x00, 0x00, 0x00, 0x00, 0x00, 0x00, 0x00, 0x00, 0x00, 0x00, 0x00, 0x00, 0x00, 0x00, 0x00, 0x00, 0x00, 0x00, 0x00, 0x00, 0x00, 0x00, 0x00}},
    {0x0107,  // 'ć'
     {0x00, 0x00, 0x00, 0x00, 0x00, 0x00, 0x00, 0x00, 0x00, 0x00, 0x00, 0x00, 0x00, 0x00, 0x00, 0x00, 0x07, 0xC0, 0x00, 0x07, 0x80, 0x00, 0x0F, 0x00,
      0x00, 0x1E, 0x00, 0x00, 0x3C, 0x00, 0x00, 0x38, 0x00, 0x00, 0x00, 0x00, 0x00, 0x00, 0x00, 0x00, 0xFE, 0x00, 0x03, 0xFF, 0x80, 0x07, 0xFF, 0x80,
      0x0F, 0xFF, 0x80, 0x0F, 0xC0, 0x80, 0x1F, 0x80, 0x00, 0x1F, 0x00, 0x00, 0x1F, 0x00, 0x00, 0x1F, 0x00, 0x00, 0x1F, 0x00, 0x00, 0x1F, 0x00, 0x00,
      0x1F, 0x00, 0x00, 0x1F, 0x80, 0x00, 0x0F, 0xC0, 0x80, 0x0F, 0xFF, 0x80, 0x07, 0xFF, 0x80, 0x03, 0xFF, 0x80, 0x00, 0xFE, 0x00, 0x00, 0x00, 0x00,
      0x00, 0x00, 0x00, 0x00, 0x00, 0x00, 0x00, 0x00, 0x00, 0x00, 0x00, 0x00, 0x00, 0x00, 0x00, 0x00, 0x00, 0x00, 0x00, 0x00, 0x00, 0x00, 0x00, 0x00}},
    {0x0118,  // 'Ę'
     {0x00, 0x00, 0x00, 0x00, 0x00, 0x00, 0x00, 0x00, 0x00, 0x00, 0x00, 0x00, 0x00, 0x00, 0x00, 0x00, 0x00, 0x00, 0x00, 0x00, 0x00, 0x1F, 0xFF, 0xC0,
      0x1F, 0xFF, 0xC0, 0x1F, 0xFF, 0xC0, 0x1F, 0xFF, 0xC0, 0x1E, 0x00, 0x00, 0x1E, 0x00, 0x00, 0x1E, 0x00, 0x00, 0x1E, 0x00, 0x00, 0x1E, 0x00, 0x00,
      0x1F, 0xFF, 0x80, 0x1F, 0xFF, 0x80, 0x1F, 0xFF, 0x80, 0x1F, 0xFF, 0x80, 0x1E, 0x00, 0x00, 0x1E, 0x00, 0x00, 0x1E, 0x00, 0x00, 0x1E, 0x00, 0x00,
      0x1E, 0x00, 0x00, 0x1E, 0x00, 0x00, 0x1E, 0x00, 0x00, 0x1F, 0xFF, 0xC0, 0x1F, 0xFF, 0xC0, 0x1F, 0xFF, 0xC0, 0x1F, 0xFF, 0xC0, 0x00, 0x0C, 0x00,
      0x00, 0x1C, 0x00, 0x00, 0x1C, 0x40, 0x00, 0x1F, 0xC0, 0x00, 0x1F, 0xC0, 0x00, 0x0F, 0x80, 0x00, 0x00, 0x00, 0x00, 0x00, 0x00, 0x00, 0x00, 0x00}},
    {0x0119,  // 'ę'
     {0x00, 0x00, 0x00, 0x00, 0x00, 0x00, 0x00, 0x00, 0x00, 0x00, 0x00, 0x00, 0x00, 0x00, 0x00, 0x00, 0x00, 0x00, 0x00, 0x00, 0x00, 0x00, 0x00, 0x00,
      0x00, 0x00, 0x00, 0x00, 0x00, 0x00, 0x00, 0x00, 0x00, 0x00, 0x00, 0x00, 0x00, 0x00, 0x00, 0x01, 0xF8, 0x00, 0x07, 0xFE, 0x00, 0x0F, 0xFF, 0x00,
      0x1F, 0xFF, 0x80, 0x3F, 0x0F, 0xC0, 0x3E, 0x07, 0xC0, 0x3C, 0x03, 0xC0, 0x3F, 0xFF, 0xC0, 0x3F, 0xFF, 0xC0, 0x3F, 0xFF, 0xE0, 0x3F, 0xFF, 0xE0,
      0x3C, 0x00, 0x00, 0x3E, 0x00, 0x00, 0x3F, 0x00, 0xC0, 0x1F, 0xFF, 0xC0, 0x0F, 0xFF, 0xC0, 0x07, 0xFF, 0xC0, 0x01, 0xFF, 0x00, 0x00, 0x0C, 0x00,
      0x00, 0x0C, 0x00, 0x00, 0x1C, 0x40, 0x00, 0x1F, 0xC0, 0x00, 0x1F, 0xC0, 0x00, 0x0F, 0xC0, 0x00, 0x00, 0x00, 0x00, 0x00, 0x00, 0x00, 0x00, 0x00}},
    {0x0141,  // 'Ł'
     {0x00, 0x00, 0x00, 0x00, 0x00, 0x00, 0x00, 0x00, 0x00, 0x00, 0x00, 0x00, 0x00, 0x00, 0x00, 0x00, 0x00, 0x00, 0x00, 0x00, 0x00, 0x0F, 0x00, 0x00,
      0x0F, 0x00, 0x00, 0x0F, 0x00, 0x00, 0x0F, 0x00, 0x00, 0x0F, 0x00, 0x00, 0x0F, 0x00, 0x00, 0x0F, 0x1C, 0x00, 0x0F, 0x3C, 0x00, 0x0F, 0xFC, 0x00,
      0x0F, 0xF0, 0x00, 0x0F, 0xE0, 0x00, 0x0F, 0x80, 0x00, 0x1F, 0x00, 0x00, 0x7F, 0x00, 0x00, 0xFF, 0x00, 0x00, 0xFF, 0x00, 0x00, 0x4F, 0x00, 0x00,
      0x0F, 0x00, 0x00, 0x0F, 0x00, 0x00, 0x0F, 0x00, 0x00, 0x0F, 0xFF, 0xE0, 0x0F, 0xFF, 0xE0, 0x0F, 0xFF, 0xE0, 0x0F, 0xFF, 0xE0, 0x00, 0x00, 0x00,
      0x00, 0x00, 0x00, 0x00, 0x00, 0x00, 0x00, 0x00, 0x00, 0x00, 0x00, 0x00, 0x00, 0x00, 0x00, 0x00, 0x00, 0x00, 0x00, 0x00, 0x00, 0x00, 0x00, 0x00}},
    {0x0142,  // 'ł'
     {0x00, 0x00, 0x00, 0x00, 0x00, 0x00, 0x00, 0x00, 0x00, 0x00, 0x00, 0x00, 0x00, 0x00, 0x00, 0x00, 0x00, 0x00, 0x3F, 0xE0, 0x00, 0x3F, 0xE0, 0x00,
      0x3F, 0xE0, 0x00, 0x3F, 0xE0, 0x00, 0x01, 0xE0, 0x00, 0x01, 0xE1, 0x80, 0x01, 0xE3, 0x80, 0x01, 0xEF, 0x80, 0x01, 0xFF, 0x00, 0x01, 0xFC, 0x00,
      0x01, 0xF8, 0x00, 0x03, 0xF0, 0x00, 0x07, 0xE0, 0x00, 0x1F, 0xE0, 0x00, 0x3F, 0xE0, 0x00, 0x79, 0xE0, 0x00, 0x71, 0xE0, 0x00, 0x01, 0xE0, 0x00,
      0x01, 0xE0, 0x00, 0x01, 0xF0, 0x00, 0x01, 0xF0, 0x00, 0x01, 0xFF, 0xC0, 0x00, 0xFF, 0xC0, 0x00, 0xFF, 0xC0, 0x00, 0x3F, 0xC0, 0x00, 0x00, 0x00,
      0x00, 0x00, 0x00, 0x00, 0x00, 0x00, 0x00, 0x00, 0x00, 0x00, 0x00, 0x00, 0x00, 0x00, 0x00, 0x00, 0x00, 0x00, 0x00, 0x00, 0x00, 0x00, 0x00, 0x00}},
    {0x0143,  // 'Ń'
     {0x00, 0x00, 0x00, 0x00, 0x1E, 0x00, 0x00, 0x3C, 0x00, 0x00, 0x78, 0x00, 0x00, 0xF0, 0x00, 0x00, 0x00, 0x00, 0x00, 0x00, 0x00, 0x3E, 0x03, 0xC0,
      0x3F, 0x03, 0xC0, 0x3F, 0x03, 0xC0, 0x3F, 0x03, 0xC0, 0x3F, 0x83, 0xC0, 0x3F, 0x83, 0xC0, 0x3F, 0xC3, 0xC0, 0x3F, 0xC3, 0xC0, 0x3D, 0xC3, 0xC0,
      0x3D, 0xE3, 0xC0, 0x3C, 0xE3, 0xC0, 0x3C, 0xE3, 0xC0, 0x3C, 0xF3, 0xC0, 0x3C, 0x73, 0xC0, 0x3C, 0x7B, 0xC0, 0x3C, 0x3B, 0xC0, 0x3C, 0x3F, 0xC0,
      0x3C, 0x3F, 0xC0, 0x3C, 0x1F, 0xC0, 0x3C, 0x1F, 0xC0, 0x3C, 0x1F, 0xC0, 0x3C, 0x0F, 0xC0, 0x3C, 0x0F, 0xC0, 0x3C, 0x07, 0xC0, 0x00, 0x00, 0x00,
      0x00, 0x00, 0x00, 0x00, 0x00, 0x00, 0x00, 0x00, 0x00, 0x00, 0x00, 0x00, 0x00, 0x00, 0x00, 0x00, 0x00, 0x00, 0x00, 0x00, 0x00, 0x00, 0x00, 0x00}},
    {0x0144,  // 'ń'
     {0x00, 0x00, 0x00, 0x00, 0x00, 0x00, 0x00, 0x00, 0x00, 0x00, 0x00, 0x00, 0x00, 0x00, 0x00, 0x00, 0x0F, 0x00, 0x00, 0x1E, 0x00, 0x00, 0x3C, 0x00,
      0x00, 0x78, 0x00, 0x00, 0x70, 0x00, 0x00, 0xE0, 0x00, 0x00, 0x00, 0x00, 0x00, 0x00, 0x00, 0x1E, 0x3C, 0x00, 0x1E, 0xFF, 0x00, 0x1F, 0xFF, 0x00,
      0x1F, 0xFF, 0x80, 0x1F, 0x8F, 0x80, 0x1F, 0x0F, 0x80, 0x1F, 0x07, 0x80, 0x1F, 0x07, 0x80, 0x1E, 0x07, 0x80, 0x1E, 0x07, 0x80, 0x1E, 0x07, 0x80,
      0x1E, 0x07, 0x80, 0x1E, 0x07, 0x80, 0x1E, 0x07, 0x80, 0x1E, 0x07, 0x80, 0x1E, 0x07, 0x80, 0x1E, 0x07, 0x80, 0x1E, 0x07, 0x80, 0x00, 0x00, 0x00,
      0x00, 0x00, 0x00, 0x00, 0x00, 0x00, 0x00, 0x00, 0x00, 0x00, 0x00, 0x00, 0x00, 0x00, 0x00, 0x00, 0x00, 0x00, 0x00, 0x00, 0x00, 0x00, 0x00, 0x00}},
    {0x015A,  // 'Ś'
     {0x00, 0x00, 0x00, 0x00, 0x1E, 0x00, 0x00, 0x3C, 0x00, 0x00, 0x78, 0x00, 0x00, 0xF0, 0x00, 0x00, 0x00, 0x00, 0x00, 0x00, 0x00, 0x01, 0xF8, 0x00,
      0x07, 0xFF, 0x00, 0x0F, 0xFF, 0x80, 0x1F, 0xFF, 0x80, 0x3F, 0x07, 0x80, 0x3E, 0x01, 0x80, 0x3E, 0x00, 0x00, 0x3E, 0x00, 0x00, 0x3F, 0x00, 0x00,
      0x1F, 0x80, 0x00, 0x1F, 0xF0, 0x00, 0x0F, 0xFC, 0x00, 0x03, 0xFF, 0x00, 0x00, 0x7F, 0x80, 0x00, 0x1F, 0x80, 0x00, 0x0F, 0xC0, 0x00, 0x07, 0xC0,
      0x20, 0x07, 0xC0, 0x30, 0x07, 0xC0, 0x3E, 0x0F, 0xC0, 0x3F, 0xFF, 0x80, 0x3F, 0xFF, 0x80, 0x1F, 0xFE, 0x00, 0x03, 0xF8, 0x00, 0x00, 0x00, 0x00,
      0x00, 0x00, 0x00, 0x00, 0x00, 0x00, 0x00, 0x00, 0x00, 0x00, 0x00, 0x00, 0x00, 0x00, 0x00, 0x00, 0x00, 0x00, 0x00, 0x00, 0x00, 0x00, 0x00, 0x00}},
    {0x015B,  // 'ś'
     {0x00, 0x00, 0x00, 0x00, 0x00, 0x00, 0x00, 0x00, 0x00, 0x00, 0x00, 0x00, 0x00, 0x00, 0x00, 0x00, 0x0F, 0x00, 0x00, 0x1E, 0x00, 0x00, 0x3C, 0x00,
      0x00, 0x78, 0x00, 0x00, 0x70, 0x00, 0x00, 0xE0, 0x00, 0x00, 0x00, 0x00, 0x00, 0x00, 0x00, 0x03, 0xFC, 0x00, 0x07, 0xFF, 0x00, 0x0F, 0xFF, 0x00,
      0x1F, 0xFF, 0x00, 0x1F, 0x03, 0x00, 0x1E, 0x00, 0x00, 0x1F, 0x00, 0x00, 0x1F, 0xF0, 0x00, 0x0F, 0xFE, 0x00, 0x07, 0xFF, 0x00, 0x00, 0xFF, 0x80,
      0x00, 0x0F, 0x80, 0x00, 0x07, 0x80, 0x18, 0x0F, 0x80, 0x1F, 0xFF, 0x80, 0x1F, 0xFF, 0x00, 0x1F, 0xFF, 0x00, 0x07, 0xFC, 0x00, 0x00, 0x00, 0x00,
      0x00, 0x00, 0x00, 0x00, 0x00, 0x00, 0x00, 0x00, 0x00, 0x00, 0x00, 0x00, 0x00, 0x00, 0x00, 0x00, 0x00, 0x00, 0x00, 0x00, 0x00, 0x00, 0x00, 0x00}},
    {0x0179,  // 'Ź'
     {0x00, 0x00, 0x00, 0x00, 0x1E, 0x00, 0x00, 0x3C, 0x00, 0x00, 0x78, 0x00, 0x00, 0xF0, 0x00, 0x00, 0x00, 0x00, 0x00, 0x00, 0x00, 0x3F, 0xFF, 0xC0,
      0x3F, 0xFF, 0xC0, 0x3F, 0xFF, 0xC0, 0x3F, 0xFF, 0xC0, 0x00, 0x0F, 0xC0, 0x00, 0x0F, 0x80, 0x00, 0x1F, 0x80, 0x00, 0x3F, 0x00, 0x00, 0x3E, 0x00,
      0x00, 0x7E, 0x00, 0x00, 0xFC, 0x00, 0x00, 0xF8, 0x00, 0x01, 0xF8, 0x00, 0x03, 0xF0, 0x00, 0x03, 0xE0, 0x00, 0x07, 0xC0, 0x00, 0x0F, 0xC0, 0x00,
      0x0F, 0x80, 0x00, 0x1F, 0x00, 0x00, 0x3F, 0x00, 0x00, 0x3F, 0xFF, 0xE0, 0x3F, 0xFF, 0xE0, 0x3F, 0xFF, 0xE0, 0x3F, 0xFF, 0xE0, 0x00, 0x00, 0x00,
      0x00, 0x00, 0x00, 0x00, 0x00, 0x00, 0x00, 0x00, 0x00, 0x00, 0x00, 0x00, 0x00, 0x00, 0x00, 0x00, 0x00, 0x00, 0x00, 0x00, 0x00, 0x00, 0x00, 0x00}},
    {0x017A,  // 'ź'
     {0x00, 0x00, 0x00, 0x00, 0x00, 0x00, 0x00, 0x00, 0x00, 0x00, 0x00, 0x00, 0x00, 0x00, 0x00, 0x00, 0x0F, 0x00, 0x00, 0x1E, 0x00, 0x00, 0x3C, 0x00,
      0x00, 0x78, 0x00, 0x00, 0x70, 0x00, 0x00, 0xE0, 0x00, 0x00, 0x00, 0x00, 0x00, 0x00, 0x00, 0x1F, 0xFF, 0x80, 0x1F, 0xFF, 0x80, 0x1F, 0xFF, 0x80,
      0x1F, 0xFF, 0x80, 0x00, 0x0F, 0x80, 0x00, 0x1F, 0x00, 0x00, 0x3E, 0x00, 0x00, 0x7C, 0x00, 0x00, 0xF8, 0x00, 0x01, 0xF0, 0x00, 0x03, 0xE0, 0x00,
      0x07, 0xC0, 0x00, 0x0F, 0x80, 0x00, 0x1F, 0x00, 0x00, 0x1F, 0xFF, 0x80, 0x1F, 0xFF, 0x80, 0x1F, 0xFF, 0x80, 0x1F, 0xFF, 0x80, 0x00, 0x00, 0x00,
      0x00, 0x00, 0x00, 0x00, 0x00, 0x00, 0x00, 0x00, 0x00, 0x00, 0x00, 0x00, 0x00, 0x00, 0x00, 0x00, 0x00, 0x00, 0x00, 0x00, 0x00, 0x00, 0x00, 0x00}},
    {0x017B,  // 'Ż'
     {0x00, 0x78, 0x00, 0x00, 0x78, 0x00, 0x00, 0x78, 0x00, 0x00, 0x78, 0x00, 0x00, 0x00, 0x00, 0x00, 0x00, 0x00, 0x00, 0x00, 0x00, 0x3F, 0xFF, 0xC0,
      0x3F, 0xFF, 0xC0, 0x3F, 0xFF, 0xC0, 0x3F, 0xFF, 0xC0, 0x00, 0x0F, 0xC0, 0x00, 0x0F, 0x80, 0x00, 0x1F, 0x80, 0x00, 0x3F, 0x00, 0x00, 0x3E, 0x00,
      0x00, 0x7E, 0x00, 0x00, 0xFC, 0x00, 0x00, 0xF8, 0x00, 0x01, 0xF8, 0x00, 0x03, 0xF0, 0x00, 0x03, 0xE0, 0x00, 0x07, 0xC0, 0x00, 0x0F, 0xC0, 0x00,
      0x0F, 0x80, 0x00, 0x1F, 0x00, 0x00, 0x3F, 0x00, 0x00, 0x3F, 0xFF, 0xE0, 0x3F, 0xFF, 0xE0, 0x3F, 0xFF, 0xE0, 0x3F, 0xFF, 0xE0, 0x00, 0x00, 0x00,
      0x00, 0x00, 0x00, 0x00, 0x00, 0x00, 0x00, 0x00, 0x00, 0x00, 0x00, 0x00, 0x00, 0x00, 0x00, 0x00, 0x00, 0x00, 0x00, 0x00, 0x00, 0x00, 0x00, 0x00}},
    {0x017C,  // 'ż'
     {0x00, 0x00, 0x00, 0x00, 0x00, 0x00, 0x00, 0x00, 0x00, 0x00, 0x00, 0x00, 0x00, 0x00, 0x00, 0x00, 0xF0, 0x00, 0x00, 0xF0, 0x00, 0x00, 0xF0, 0x00,
      0x00, 0xF0, 0x00, 0x00, 0x00, 0x00, 0x00, 0x00, 0x00, 0x00, 0x00, 0x00, 0x00, 0x00, 0x00, 0x1F, 0xFF, 0x80, 0x1F, 0xFF, 0x80, 0x1F, 0xFF, 0x80,
      0x1F, 0xFF, 0x80, 0x00, 0x0F, 0x80, 0x00, 0x1F, 0x00, 0x00, 0x3E, 0x00, 0x00, 0x7C, 0x00, 0x00, 0xF8, 0x00, 0x01, 0xF0, 0x00, 0x03, 0xE0, 0x00,
      0x07, 0xC0, 0x00, 0x0F, 0x80, 0x00, 0x1F, 0x00, 0x00, 0x1F, 0xFF, 0x80, 0x1F, 0xFF, 0x80, 0x1F, 0xFF, 0x80, 0x1F, 0xFF, 0x80, 0x00, 0x00, 0x00,
      0x00, 0x00, 0x00, 0x00, 0x00, 0x00, 0x00, 0x00, 0x00, 0x00, 0x00, 0x00, 0x00, 0x00, 0x00, 0x00, 0x00, 0x00, 0x00, 0x00, 0x00, 0x00, 0x00, 0x00}},
    {0x0404,  // 'Є'
     {0x00, 0x00, 0x00, 0x00, 0x00, 0x00, 0x00, 0x00, 0x00, 0x00, 0x00, 0x00, 0x00, 0x00, 0x00, 0x00, 0x00, 0x00, 0x00, 0x00, 0x00, 0x00, 0x7F, 0x00,
      0x01, 0xFF, 0x80, 0x03, 0xFF, 0x80, 0x07, 0xFF, 0x80, 0x0F, 0xC1, 0x80, 0x0F, 0x80, 0x00, 0x1F, 0x00, 0x00, 0x1F, 0x00, 0x00, 0x1F, 0x00, 0x00,
      0x1F, 0xFF, 0x80, 0x1F, 0xFF, 0x80, 0x3F, 0xFF, 0x80, 0x3F, 0xFF, 0x80, 0x1F, 0x00, 0x00, 0x1F, 0x00, 0x00, 0x1F, 0x00, 0x00, 0x1F, 0x00, 0x00,
      0x1F, 0x80, 0x00, 0x0F, 0x80, 0x00, 0x0F, 0xE1, 0x80, 0x07, 0xFF, 0x80, 0x03, 0xFF, 0x80, 0x01, 0xFF, 0x80, 0x00, 0x7F, 0x00, 0x00, 0x00, 0x00,
      0x00, 0x00, 0x00, 0x00, 0x00, 0x00, 0x00, 0x00, 0x00, 0x00, 0x00, 0x00, 0x00, 0x00, 0x00, 0x00, 0x00, 0x00, 0x00, 0x00, 0x00, 0x00, 0x00, 0x00}},
    {0x0406,  // 'І'
     {0x00, 0x00, 0x00, 0x00, 0x00, 0x00, 0x00, 0x00, 0x00, 0x00, 0x00, 0x00, 0x00, 0x00, 0x00, 0x00, 0x00, 0x00, 0x00, 0x00, 0x00, 0x1F, 0xFF, 0x80,
      0x1F, 0xFF, 0x80, 0x1F, 0xFF, 0x80, 0x1F, 0xFF, 0x80, 0x00, 0xF0, 0x00, 0x00, 0xF0, 0x00, 0x00, 0xF0, 0x00, 0x00, 0xF0, 0x00, 0x00, 0xF0, 0x00,
      0x00, 0xF0, 0x00, 0x00, 0xF0, 0x00, 0x00, 0xF0, 0x00, 0x00, 0xF0, 0x00, 0x00, 0xF0, 0x00, 0x00, 0xF0, 0x00, 0x00, 0xF0, 0x00, 0x00, 0xF0, 0x00,
      0x00, 0xF0, 0x00, 0x00, 0xF0, 0x00, 0x00, 0xF0, 0x00, 0x1F, 0xFF, 0x80, 0x1F, 0xFF, 0x80, 0x1F, 0xFF, 0x80, 0x1F, 0xFF, 0x80, 0x00, 0x00, 0x00,
      0x00, 0x00, 0x00, 0x00, 0x00, 0x00, 0x00, 0x00, 0x00, 0x00, 0x00, 0x00, 0x00, 0x00, 0x00, 0x00, 0x00, 0x00, 0x00, 0x00, 0x00, 0x00, 0x00, 0x00}},
    {0x0407,  // 'Ї'
     {0x07, 0x9E, 0x00, 0x07, 0x9E, 0x00, 0x07, 0x9E, 0x00, 0x07, 0x9E, 0x00, 0x00, 0x00, 0x00, 0x00, 0x00, 0x00, 0x00, 0x00, 0x00, 0x1F, 0xFF, 0x80,
      0x1F, 0xFF, 0x80, 0x1F, 0xFF, 0x80, 0x1F, 0xFF, 0x80, 0x00, 0xF0, 0x00, 0x00, 0xF0, 0x00, 0x00, 0xF0, 0x00, 0x00, 0xF0, 0x00, 0x00, 0xF0, 0x00,
      0x00, 0xF0, 0x00, 0x00, 0xF0, 0x00, 0x00, 0xF0, 0x00, 0x00, 0xF0, 0x00, 0x00, 0xF0, 0x00, 0x00, 0xF0, 0x00, 0x00, 0xF0, 0x00, 0x00, 0xF0, 0x00,
      0x00, 0xF0, 0x00, 0x00, 0xF0, 0x00, 0x00, 0xF0, 0x00, 0x1F, 0xFF, 0x80, 0x1F, 0xFF, 0x80, 0x1F, 0xFF, 0x80, 0x1F, 0xFF, 0x80, 0x00, 0x00, 0x00,
      0x00, 0x00, 0x00, 0x00, 0x00, 0x00, 0x00, 0x00, 0x00, 0x00, 0x00, 0x00, 0x00, 0x00, 0x00, 0x00, 0x00, 0x00, 0x00, 0x00, 0x00, 0x00, 0x00, 0x00}},
    {0x0410,  // 'А'
     {0x00, 0x00, 0x00, 0x00, 0x00, 0x00, 0x00, 0x00, 0x00, 0x00, 0x00, 0x00, 0x00, 0x00, 0x00, 0x00, 0x00, 0x00, 0x00, 0x00, 0x00, 0x01, 0xF8, 0x00,
      0x01, 0xF8, 0x00, 0x03, 0xFC, 0x00, 0x03, 0xFC, 0x00, 0x03, 0xFC, 0x00, 0x03, 0xFC, 0x00, 0x07, 0xBE, 0x00, 0x07, 0x9E, 0x00, 0x07, 0x9E, 0x00,
      0x0F, 0x9E, 0x00, 0x0F, 0x1F, 0x00, 0x0F, 0x0F, 0x00, 0x0F, 0x0F, 0x00, 0x1F, 0x0F, 0x00, 0x1F, 0xFF, 0x80, 0x1F, 0xFF, 0x80, 0x1F, 0xFF, 0x80,
      0x3F, 0xFF, 0xC0, 0x3E, 0x07, 0xC0, 0x3C, 0x07, 0xC0, 0x7C, 0x03, 0xC0, 0x7C, 0x03, 0xE0, 0x7C, 0x03, 0xE0, 0x78, 0x03, 0xE0, 0x00, 0x00, 0x00,
      0x00, 0x00, 0x00, 0x00, 0x00, 0x00, 0x00, 0x00, 0x00, 0x00, 0x00, 0x00, 0x00, 0x00, 0x00, 0x00, 0x00, 0x00, 0x00, 0x00, 0x00, 0x00, 0x00, 0x00}},
    {0x0411,  // 'Б'
     {0x00, 0x00, 0x00, 0x00, 0x00, 0x00, 0x00, 0x00, 0x00, 0x00, 0x00, 0x00, 0x00, 0x00, 0x00, 0x00, 0x00, 0x00, 0x00, 0x00, 0x00, 0x1F, 0xFF, 0xC0,
      0x1F, 0xFF, 0xC0, 0x1F, 0xFF, 0xC0, 0x1F, 0xFF, 0xC0, 0x1E, 0x00, 0x00, 0x1E, 0x00, 0x00, 0x1E, 0x00, 0x00, 0x1E, 0x00, 0x00, 0x1E, 0x00, 0x00,
      0x1F, 0xFC, 0x00, 0x1F, 0xFF, 0x00, 0x1F, 0xFF, 0x80, 0x1F, 0xFF, 0xC0, 0x1E, 0x0F, 0xC0, 0x1E, 0x07, 0xC0, 0x1E, 0x07, 0xC0, 0x1E, 0x03, 0xC0,
      0x1E, 0x07, 0xC0, 0x1E, 0x07, 0xC0, 0x1E, 0x0F, 0xC0, 0x1F, 0xFF, 0xC0, 0x1F, 0xFF, 0x80, 0x1F, 0xFF, 0x00, 0x1F, 0xFC, 0x00, 0x00, 0x00, 0x00,
      0x00, 0x00, 0x00, 0x00, 0x00, 0x00, 0x00, 0x00, 0x00, 0x00, 0x00, 0x00, 0x00, 0x00, 0x00, 0x00, 0x00, 0x00, 0x00, 0x00, 0x00, 0x00, 0x00, 0x00}},
    {0x0412,  // 'В'
     {0x00, 0x00, 0x00, 0x00, 0x00, 0x00, 0x00, 0x00, 0x00, 0x00, 0x00, 0x00, 0x00, 0x00, 0x00, 0x00, 0x00, 0x00, 0x00, 0x00, 0x00, 0x3F, 0xFC, 0x00,
      0x3F, 0xFF, 0x00, 0x3F, 0xFF, 0x80, 0x3F, 0xFF, 0x80, 0x3E, 0x0F, 0xC0, 0x3E, 0x07, 0xC0, 0x3E, 0x07, 0xC0, 0x3E, 0x07, 0xC0, 0x3E, 0x0F, 0x80,
      0x3F, 0xFF, 0x80, 0x3F, 0xFE, 0x00, 0x3F, 0xFE, 0x00, 0x3F, 0xFF, 0x80, 0x3E, 0x0F, 0xC0, 0x3E, 0x07, 0xC0, 0x3E, 0x03, 0xC0, 0x3E, 0x03, 0xE0,
      0x3E, 0x03, 0xE0, 0x3E, 0x07, 0xE0, 0x3E, 0x0F, 0xC0, 0x3F, 0xFF, 0xC0, 0x3F, 0xFF, 0x80, 0x3F, 0xFF, 0x00, 0x3F, 0xFC, 0x00, 0x00, 0x00, 0x00,
      0x00, 0x00, 0x00, 0x00, 0x00, 0x00, 0x00, 0x00, 0x00, 0x00, 0x00, 0x00, 0x00, 0x00, 0x00, 0x00, 0x00, 0x00, 0x00, 0x00, 0x00, 0x00, 0x00, 0x00}},
    {0x0413,  // 'Г'
     {0x00, 0x00, 0x00, 0x00, 0x00, 0x00, 0x00, 0x00, 0x00, 0x00, 0x00, 0x00, 0x00, 0x00, 0x00, 0x00, 0x00, 0x00, 0x00, 0x00, 0x00, 0x1F, 0xFF, 0xC0,
      0x1F, 0xFF, 0xC0, 0x1F, 0xFF, 0xC0, 0x1F, 0xFF, 0xC0, 0x1F, 0x00, 0x00, 0x1F, 0x00, 0x00, 0x1F, 0x00, 0x00, 0x1F, 0x00, 0x00, 0x1F, 0x00, 0x00,
      0x1F, 0x00, 0x00, 0x1F, 0x00, 0x00, 0x1F, 0x00, 0x00, 0x1F, 0x00, 0x00, 0x1F, 0x00, 0x00, 0x1F, 0x00, 0x00, 0x1F, 0x00, 0x00, 0x1F, 0x00, 0x00,
      0x1F, 0x00, 0x00, 0x1F, 0x00, 0x00, 0x1F, 0x00, 0x00, 0x1F, 0x00, 0x00, 0x1F, 0x00, 0x00, 0x1F, 0x00, 0x00, 0x1F, 0x00, 0x00, 0x00, 0x00, 0x00,
      0x00, 0x00, 0x00, 0x00, 0x00, 0x00, 0x00, 0x00, 0x00, 0x00, 0x00, 0x00, 0x00, 0x00, 0x00, 0x00, 0x00, 0x00, 0x00, 0x00, 0x00, 0x00, 0x00, 0x00}},
    {0x0414,  // 'Д'
     {0x00, 0x00, 0x00, 0x00, 0x00, 0x00, 0x00, 0x00, 0x00, 0x00, 0x00, 0x00, 0x00, 0x00, 0x00, 0x00, 0x00, 0x00, 0x00, 0x00, 0x00, 0x1F, 0xFF, 0x80,
      0x1F, 0xFF, 0x80, 0x1F, 0xFF, 0x80, 0x1F, 0xFF, 0x80, 0x1F, 0x0F, 0x80, 0x1F, 0x0F, 0x80, 0x1F, 0x0F, 0x80, 0x1F, 0x0F, 0x80, 0x1F, 0x0F, 0x80,
      0x1F, 0x0F, 0x80, 0x1F, 0x0F, 0x80, 0x1F, 0x0F, 0x80, 0x1F, 0x0F, 0x80, 0x1F, 0x0F, 0x80, 0x1F, 0x0F, 0x80, 0x1F, 0x0F, 0x80, 0x1F, 0x0F, 0x80,
      0x1F, 0x0F, 0x80, 0x1F, 0x0F, 0x80, 0x1F, 0x0F, 0x80, 0x7F, 0xFF, 0xE0, 0x7F, 0xFF, 0xE0, 0x7F, 0xFF, 0xE0, 0x7F, 0xFF, 0xE0, 0x78, 0x01, 0xE0,
      0x78, 0x01, 0xE0, 0x78, 0x01, 0xE0, 0x78, 0x01, 0xE0, 0x78, 0x01, 0xE0, 0x00, 0x00, 0x00, 0x00, 0x00, 0x00, 0x00, 0x00, 0x00, 0x00, 0x00, 0x00}},
    {0x0415,  // 'Е'
     {0x00, 0x00, 0x00, 0x00, 0x00, 0x00, 0x00, 0x00, 0x00, 0x00, 0x00, 0x00, 0x00, 0x00, 0x00, 0x00, 0x00, 0x00, 0x00, 0x00, 0x00, 0x1F, 0xFF, 0xC0,
      0x1F, 0xFF, 0xC0, 0x1F, 0xFF, 0xC0, 0x1F, 0xFF, 0xC0, 0x1E, 0x00, 0x00, 0x1E, 0x00, 0x00, 0x1E, 0x00, 0x00, 0x1E, 0x00, 0x00, 0x1E, 0x00, 0x00,
      0x1F, 0xFF, 0x80, 0x1F, 0xFF, 0x80, 0x1F, 0xFF, 0x80, 0x1F, 0xFF, 0x80, 0x1E, 0x00, 0x00, 0x1E, 0x00, 0x00, 0x1E, 0x00, 0x00, 0x1E, 0x00, 0x00,
      0x1E, 0x00, 0x00, 0x1E, 0x00, 0x00, 0x1E, 0x00, 0x00, 0x1F, 0xFF, 0xC0, 0x1F, 0xFF, 0xC0, 0x1F, 0xFF, 0xC0, 0x1F, 0xFF, 0xC0, 0x00, 0x00, 0x00,
      0x00, 0x00, 0x00, 0x00, 0x00, 0x00, 0x00, 0x00, 0x00, 0x00, 0x00, 0x00, 0x00, 0x00, 0x00, 0x00, 0x00, 0x00, 0x00, 0x00, 0x00, 0x00, 0x00, 0x00}},
    {0x0416,  // 'Ж'
     {0x00, 0x00, 0x00, 0x00, 0x00, 0x00, 0x00, 0x00, 0x00, 0x00, 0x00, 0x00, 0x00, 0x00, 0x00, 0x00, 0x00, 0x00, 0x00, 0x00, 0x00, 0xF8, 0xF1, 0xE0,
      0x78, 0xF1, 0xE0, 0x78, 0xF3, 0xE0, 0x3C, 0xF3, 0xC0, 0x3C, 0xF3, 0xC0, 0x1E, 0xF7, 0x80, 0x1E, 0xF7, 0x80, 0x1F, 0xFF, 0x00, 0x0F, 0xFF, 0x00,
      0x0F, 0xFF, 0x00, 0x0F, 0xFF, 0x00, 0x0F, 0xFF, 0x00, 0x0F, 0xFF, 0x00, 0x1F, 0xFF, 0x80, 0x1F, 0xFF, 0x80, 0x1F, 0xFF, 0x80, 0x3D, 0xFF, 0x80,
      0x3C, 0xF3, 0xC0, 0x3C, 0xF3, 0xC0, 0x3C, 0xF3, 0xC0, 0x78, 0xF1, 0xE0, 0x78, 0xF1, 0xE0, 0x78, 0xF1, 0xE0, 0xF0, 0xF1, 0xF0, 0x00, 0x00, 0x00,
      0x00, 0x00, 0x00, 0x00, 0x00, 0x00, 0x00, 0x00, 0x00, 0x00, 0x00, 0x00, 0x00, 0x00, 0x00, 0x00, 0x00, 0x00, 0x00, 0x00, 0x00, 0x00, 0x00, 0x00}},
    {0x0417,  // 'З'
     {0x00, 0x00, 0x00, 0x00, 0x00, 0x00, 0x00, 0x00, 0x00, 0x00, 0x00, 0x00, 0x00, 0x00, 0x00, 0x00, 0x00, 0x00, 0x00, 0x00, 0x00, 0x07, 0xF8, 0x00,
      0x1F, 0xFE, 0x00, 0x1F, 0xFF, 0x00, 0x1F, 0xFF, 0x80, 0x18, 0x1F, 0x80, 0x00, 0x0F, 0x80, 0x00, 0x07, 0x80, 0x00, 0x0F, 0x80, 0x00, 0x1F, 0x00,
      0x03, 0xFF, 0x00, 0x03, 0xFC, 0x00, 0x03, 0xFC, 0x00, 0x03, 0xFF, 0x00, 0x00, 0x1F, 0x80, 0x00, 0x0F, 0x80, 0x00, 0x07, 0xC0, 0x00, 0x07, 0xC0,
      0x00, 0x07, 0xC0, 0x00, 0x07, 0xC0, 0x30, 0x1F, 0x80, 0x3F, 0xFF, 0x80, 0x3F, 0xFF, 0x00, 0x3F, 0xFE, 0x00, 0x0F, 0xF8, 0x00, 0x00, 0x00, 0x00,
      0x00, 0x00, 0x00, 0x00, 0x00, 0x00, 0x00, 0x00, 0x00, 0x00, 0x00, 0x00, 0x00, 0x00, 0x00, 0x00, 0x00, 0x00, 0x00, 0x00, 0x00, 0x00, 0x00, 0x00}},
    {0x0418,  // 'И'
     {0x00, 0x00, 0x00, 0x00, 0x00, 0x00, 0x00, 0x00, 0x00, 0x00, 0x00, 0x00, 0x00, 0x00, 0x00, 0x00, 0x00, 0x00, 0x00, 0x00, 0x00, 0x3C, 0x07, 0xC0,
      0x3C, 0x0F, 0xC0, 0x3C, 0x0F, 0xC0, 0x3C, 0x1F, 0xC0, 0x3C, 0x1F, 0xC0, 0x3C, 0x1F, 0xC0, 0x3C, 0x3F, 0xC0, 0x3C, 0x3F, 0xC0, 0x3C, 0x3B, 0xC0,
      0x3C, 0x7B, 0xC0, 0x3C, 0x73, 0xC0, 0x3C, 0xF3, 0xC0, 0x3C, 0xE3, 0xC0, 0x3C, 0xE3, 0xC0, 0x3D, 0xE3, 0xC0, 0x3D, 0xC3, 0xC0, 0x3F, 0xC3, 0xC0,
      0x3F, 0xC3, 0xC0, 0x3F, 0x83, 0xC0, 0x3F, 0x83, 0xC0, 0x3F, 0x03, 0xC0, 0x3F, 0x03, 0xC0, 0x3F, 0x03, 0xC0, 0x3E, 0x03, 0xC0, 0x00, 0x00, 0x00,
      0x00, 0x00, 0x00, 0x00, 0x00, 0x00, 0x00, 0x00, 0x00, 0x00, 0x00, 0x00, 0x00, 0x00, 0x00, 0x00, 0x00, 0x00, 0x00, 0x00, 0x00, 0x00, 0x00, 0x00}},
    {0x0419,  // 'Й'
     {0x00, 0x00, 0x00, 0x06, 0x06, 0x00, 0x07, 0x0E, 0x00, 0x03, 0xFC, 0x00, 0x01, 0xF8, 0x00, 0x00, 0x00, 0x00, 0x00, 0x00, 0x00, 0x3C, 0x07, 0xC0,
      0x3C, 0x0F, 0xC0, 0x3C, 0x0F, 0xC0, 0x3C, 0x1F, 0xC0, 0x3C, 0x1F, 0xC0, 0x3C, 0x1F, 0xC0, 0x3C, 0x3F, 0xC0, 0x3C, 0x3F, 0xC0, 0x3C, 0x3B, 0xC0,
      0x3C, 0x7B, 0xC0, 0x3C, 0x73, 0xC0, 0x3C, 0xF3, 0xC0, 0x3C, 0xE3, 0xC0, 0x3C, 0xE3, 0xC0, 0x3D, 0xE3, 0xC0, 0x3D, 0xC3, 0xC0, 0x3F, 0xC3, 0xC0,
      0x3F, 0xC3, 0xC0, 0x3F, 0x83, 0xC0, 0x3F, 0x83, 0xC0, 0x3F, 0x03, 0xC0, 0x3F, 0x03, 0xC0, 0x3F, 0x03, 0xC0, 0x3E, 0x03, 0xC0, 0x00, 0x00, 0x00,
      0x00, 0x00, 0x00, 0x00, 0x00, 0x00, 0x00, 0x00, 0x00, 0x00, 0x00, 0x00, 0x00, 0x00, 0x00, 0x00, 0x00, 0x00, 0x00, 0x00, 0x00, 0x00, 0x00, 0x00}},
    {0x041A,  // 'К'
     {0x00, 0x00, 0x00, 0x00, 0x00, 0x00, 0x00, 0x00, 0x00, 0x00, 0x00, 0x00, 0x00, 0x00, 0x00, 0x00, 0x00, 0x00, 0x00, 0x00, 0x00, 0x3E, 0x03, 0xE0,
      0x3E, 0x07, 0xC0, 0x3E, 0x0F, 0x80, 0x3E, 0x1F, 0x80, 0x3E, 0x1F, 0x00, 0x3E, 0x3E, 0x00, 0x3E, 0x7C, 0x00, 0x3E, 0xF8, 0x00, 0x3F, 0xF8, 0x00,
      0x3F, 0xF0, 0x00, 0x3F, 0xF0, 0x00, 0x3F, 0xF8, 0x00, 0x3F, 0xFC, 0x00, 0x3F, 0xFC, 0x00, 0x3F, 0x7E, 0x00, 0x3E, 0x3E, 0x00, 0x3E, 0x3F, 0x00,
      0x3E, 0x1F, 0x00, 0x3E, 0x0F, 0x80, 0x3E, 0x0F, 0x80, 0x3E, 0x07, 0xC0, 0x3E, 0x07, 0xC0, 0x3E, 0x03, 0xE0, 0x3E, 0x03, 0xE0, 0x00, 0x00, 0x00,
      0x00, 0x00, 0x00, 0x00, 0x00, 0x00, 0x00, 0x00, 0x00, 0x00, 0x00, 0x00, 0x00, 0x00, 0x00, 0x00, 0x00, 0x00, 0x00, 0x00, 0x00, 0x00, 0x00, 0x00}},
    {0x041B,  // 'Л'
     {0x00, 0x00, 0x00, 0x00, 0x00, 0x00, 0x00, 0x00, 0x00, 0x00, 0x00, 0x00, 0x00, 0x00, 0x00, 0x00, 0x00, 0x00, 0x00, 0x00, 0x00, 0x0F, 0xFF, 0xC0,
      0x0F, 0xFF, 0xC0, 0x0F, 0xFF, 0xC0, 0x0F, 0xFF, 0xC0, 0x0F, 0x07, 0xC0, 0x0F, 0x07, 0xC0, 0x0F, 0x07, 0xC0, 0x0F, 0x07, 0xC0, 0x0F, 0x07, 0xC0,
      0x0F, 0x07, 0xC0, 0x0F, 0x07, 0xC0, 0x0F, 0x07, 0xC0, 0x0F, 0x07, 0xC0, 0x0F, 0x07, 0xC0, 0x0F, 0x07, 0xC0, 0x1F, 0x07, 0xC0, 0x1F, 0x07, 0xC0,
      0x1F, 0x07, 0xC0, 0x1F, 0x07, 0xC0, 0x3F, 0x07, 0xC0, 0xFE, 0x07, 0xC0, 0xFE, 0x07, 0xC0, 0xFC, 0x07, 0xC0, 0xF0, 0x07, 0xC0, 0x00, 0x00, 0x00,
      0x00, 0x00, 0x00, 0x00, 0x00, 0x00, 0x00, 0x00, 0x00, 0x00, 0x00, 0x00, 0x00, 0x00, 0x00, 0x00, 0x00, 0x00, 0x00, 0x00, 0x00, 0x00, 0x00, 0x00}},
    {0x041C,  // 'М'
     {0x00, 0x00, 0x00, 0x00, 0x00, 0x00, 0x00, 0x00, 0x00, 0x00, 0x00, 0x00, 0x00, 0x00, 0x00, 0x00, 0x00, 0x00, 0x00, 0x00, 0x00, 0x7E, 0x07, 0xC0,
      0x7E, 0x0F, 0xC0, 0x7F, 0x0F, 0xC0, 0x7F, 0x0F, 0xC0, 0x7F, 0x0F, 0xC0, 0x7F, 0x9F, 0xC0, 0x7F, 0x9F, 0xC0, 0x7B, 0x9F, 0xC0, 0x7B, 0xBB, 0xC0,
      0x79, 0xFB, 0xC0, 0x79, 0xFB, 0xC0, 0x79, 0xFB, 0xC0, 0x79, 0xF3, 0xC0, 0x78, 0xF3, 0xC0, 0x78, 0xF3, 0xC0, 0x78, 0x03, 0xC0, 0x78, 0x03, 0xC0,
      0x78, 0x03, 0xC0, 0x78, 0x03, 0xC0, 0x78, 0x03, 0xC0, 0x78, 0x03, 0xC0, 0x78, 0x03, 0xC0, 0x78, 0x03, 0xC0, 0x78, 0x03, 0xC0, 0x00, 0x00, 0x00,
      0x00, 0x00, 0x00, 0x00, 0x00, 0x00, 0x00, 0x00, 0x00, 0x00, 0x00, 0x00, 0x00, 0x00, 0x00, 0x00, 0x00, 0x00, 0x00, 0x00, 0x00, 0x00, 0x00, 0x00}},
    {0x041D,  // 'Н'
     {0x00, 0x00, 0x00, 0x00, 0x00, 0x00, 0x00, 0x00, 0x00, 0x00, 0x00, 0x00, 0x00, 0x00, 0x00, 0x00, 0x00, 0x00, 0x00, 0x00, 0x00, 0x3E, 0x07, 0xC0,
      0x3E, 0x07, 0xC0, 0x3E, 0x07, 0xC0, 0x3E, 0x07, 0xC0, 0x3E, 0x07, 0xC0, 0x3E, 0x07, 0xC0, 0x3E, 0x07, 0xC0, 0x3E, 0x07, 0xC0, 0x3E, 0x07, 0xC0,
      0x3F, 0xFF, 0xC0, 0x3F, 0xFF, 0xC0, 0x3F, 0xFF, 0xC0, 0x3F, 0xFF, 0xC0, 0x3E, 0x07, 0xC0, 0x3E, 0x07, 0xC0, 0x3E, 0x07, 0xC0, 0x3E, 0x07, 0xC0,
      0x3E, 0x07, 0xC0, 0x3E, 0x07, 0xC0, 0x3E, 0x07, 0xC0, 0x3E, 0x07, 0xC0, 0x3E, 0x07, 0xC0, 0x3E, 0x07, 0xC0, 0x3E, 0x07, 0xC0, 0x00, 0x00, 0x00,
      0x00, 0x00, 0x00, 0x00, 0x00, 0x00, 0x00, 0x00, 0x00, 0x00, 0x00, 0x00, 0x00, 0x00, 0x00, 0x00, 0x00, 0x00, 0x00, 0x00, 0x00, 0x00, 0x00, 0x00}},
    {0x041E,  // 'О'
     {0x00, 0x00, 0x00, 0x00, 0x00, 0x00, 0x00, 0x00, 0x00, 0x00, 0x00, 0x00, 0x00, 0x00, 0x00, 0x00, 0x00, 0x00, 0x00, 0x00, 0x00, 0x01, 0xF8, 0x00,
      0x07, 0xFE, 0x00, 0x0F, 0xFF, 0x00, 0x1F, 0xFF, 0x00, 0x1F, 0x1F, 0x80, 0x3E, 0x0F, 0x80, 0x3E, 0x07, 0xC0, 0x3E, 0x07, 0xC0, 0x3E, 0x07, 0xC0,
      0x3E, 0x07, 0xC0, 0x3C, 0x07, 0xC0, 0x3C, 0x07, 0xC0, 0x3C, 0x07, 0xC0, 0x3C, 0x07, 0xC0, 0x3E, 0x07, 0xC0, 0x3E, 0x07, 0xC0, 0x3E, 0x07, 0xC0,
      0x3E, 0x07, 0xC0, 0x3E, 0x0F, 0x80, 0x1F, 0x1F, 0x80, 0x1F, 0xFF, 0x80, 0x0F, 0xFF, 0x00, 0x07, 0xFE, 0x00, 0x01, 0xF8, 0x00, 0x00, 0x00, 0x00,
      0x00, 0x00, 0x00, 0x00, 0x00, 0x00, 0x00, 0x00, 0x00, 0x00, 0x00, 0x00, 0x00, 0x00, 0x00, 0x00, 0x00, 0x00, 0x00, 0x00, 0x00, 0x00, 0x00, 0x00}},
    {0x041F,  // 'П'
     {0x00, 0x00, 0x00, 0x00, 0x00, 0x00, 0x00, 0x00, 0x00, 0x00, 0x00, 0x00, 0x00, 0x00, 0x00, 0x00, 0x00, 0x00, 0x00, 0x00, 0x00, 0x3F, 0xFF, 0xC0,
      0x3F, 0xFF, 0xC0, 0x3F, 0xFF, 0xC0, 0x3F, 0xFF, 0xC0, 0x3E, 0x07, 0xC0, 0x3E, 0x07, 0xC0, 0x3E, 0x07, 0xC0, 0x3E, 0x07, 0xC0, 0x3E, 0x07, 0xC0,
      0x3E, 0x07, 0xC0, 0x3E, 0x07, 0xC0, 0x3E, 0x07, 0xC0, 0x3E, 0x07, 0xC0, 0x3E, 0x07, 0xC0, 0x3E, 0x07, 0xC0, 0x3E, 0x07, 0xC0, 0x3E, 0x07, 0xC0,
      0x3E, 0x07, 0xC0, 0x3E, 0x07, 0xC0, 0x3E, 0x07, 0xC0, 0x3E, 0x07, 0xC0, 0x3E, 0x07, 0xC0, 0x3E, 0x07, 0xC0, 0x3E, 0x07, 0xC0, 0x00, 0x00, 0x00,
      0x00, 0x00, 0x00, 0x00, 0x00, 0x00, 0x00, 0x00, 0x00, 0x00, 0x00, 0x00, 0x00, 0x00, 0x00, 0x00, 0x00, 0x00, 0x00, 0x00, 0x00, 0x00, 0x00, 0x00}},
    {0x0420,  // 'Р'
     {0x00, 0x00, 0x00, 0x00, 0x00, 0x00, 0x00, 0x00, 0x00, 0x00, 0x00, 0x00, 0x00, 0x00, 0x00, 0x00, 0x00, 0x00, 0x00, 0x00, 0x00, 0x1F, 0xFC, 0x00,
      0x1F, 0xFF, 0x00, 0x1F, 0xFF, 0x80, 0x1F, 0xFF, 0xC0, 0x1E, 0x0F, 0xC0, 0x1E, 0x07, 0xC0, 0x1E, 0x07, 0xC0, 0x1E, 0x03, 0xC0, 0x1E, 0x07, 0xC0,
      0x1E, 0x07, 0xC0, 0x1E, 0x0F, 0xC0, 0x1F, 0xFF, 0xC0, 0x1F, 0xFF, 0x80, 0x1F, 0xFF, 0x00, 0x1F, 0xFC, 0x00, 0x1E, 0x00, 0x00, 0x1E, 0x00, 0x00,
      0x1E, 0x00, 0x00, 0x1E, 0x00, 0x00, 0x1E, 0x00, 0x00, 0x1E, 0x00, 0x00, 0x1E, 0x00, 0x00, 0x1E, 0x00, 0x00, 0x1E, 0x00, 0x00, 0x00, 0x00, 0x00,
      0x00, 0x00, 0x00, 0x00, 0x00, 0x00, 0x00, 0x00, 0x00, 0x00, 0x00, 0x00, 0x00, 0x00, 0x00, 0x00, 0x00, 0x00, 0x00, 0x00, 0x00, 0x00, 0x00, 0x00}},
    {0x0421,  // 'С'
     {0x00, 0x00, 0x00, 0x00, 0x00, 0x00, 0x00, 0x00, 0x00, 0x00, 0x00, 0x00, 0x00, 0x00, 0x00, 0x00, 0x00, 0x00, 0x00, 0x00, 0x00, 0x00, 0x7F, 0x00,
      0x01, 0xFF, 0x80, 0x03, 0xFF, 0x80, 0x07, 0xFF, 0x80, 0x0F, 0xC1, 0x80, 0x0F, 0x80, 0x00, 0x1F, 0x00, 0x00, 0x1F, 0x00, 0x00, 0x1F, 0x00, 0x00,
      0x1F, 0x00, 0x00, 0x1E, 0x00, 0x00, 0x3E, 0x00, 0x00, 0x3E, 0x00, 0x00, 0x1E, 0x00, 0x00, 0x1F, 0x00, 0x00, 0x1F, 0x00, 0x00, 0x1F, 0x00, 0x00,
      0x1F, 0x00, 0x00, 0x0F, 0x80, 0x00, 0x0F, 0xC1, 0x80, 0x07, 0xFF, 0x80, 0x03, 0xFF, 0x80, 0x01, 0xFF, 0x80, 0x00, 0x7F, 0x00, 0x00, 0x00, 0x00,
      0x00, 0x00, 0x00, 0x00, 0x00, 0x00, 0x00, 0x00, 0x00, 0x00, 0x00, 0x00, 0x00, 0x00, 0x00, 0x00, 0x00, 0x00, 0x00, 0x00, 0x00, 0x00, 0x00, 0x00}},
    {0x0422,  // 'Т'
     {0x00, 0x00, 0x00, 0x00, 0x00, 0x00, 0x00, 0x00, 0x00, 0x00, 0x00, 0x00, 0x00, 0x00, 0x00, 0x00, 0x00, 0x00, 0x00, 0x00, 0x00, 0x7F, 0xFF, 0xC0,
      0x7F, 0xFF, 0xC0, 0x7F, 0xFF, 0xC0, 0x7F, 0xFF, 0xC0, 0x00, 0xF0, 0x00, 0x00, 0xF0, 0x00, 0x00, 0xF0, 0x00, 0x00, 0xF0, 0x00, 0x00, 0xF0, 0x00,
      0x00, 0xF0, 0x00, 0x00, 0xF0, 0x00, 0x00, 0xF0, 0x00, 0x00, 0xF0, 0x00, 0x00, 0xF0, 0x00, 0x00, 0xF0, 0x00, 0x00, 0xF0, 0x00, 0x00, 0xF0, 0x00,
      0x00, 0xF0, 0x00, 0x00, 0xF0, 0x00, 0x00, 0xF0, 0x00, 0x00, 0xF0, 0x00, 0x00, 0xF0, 0x00, 0x00, 0xF0, 0x00, 0x00, 0xF0, 0x00, 0x00, 0x00, 0x00,
      0x00, 0x00, 0x00, 0x00, 0x00, 0x00, 0x00, 0x00, 0x00, 0x00, 0x00, 0x00, 0x00, 0x00, 0x00, 0x00, 0x00, 0x00, 0x00, 0x00, 0x00, 0x00, 0x00, 0x00}},
    {0x0423,  // 'У'
     {0x00, 0x00, 0x00, 0x00, 0x00, 0x00, 0x00, 0x00, 0x00, 0x00, 0x00, 0x00, 0x00, 0x00, 0x00, 0x00, 0x00, 0x00, 0x00, 0x00, 0x00, 0x7C, 0x03, 0xE0,
      0x7C, 0x03, 0xE0, 0x3E, 0x07, 0xC0, 0x3E, 0x07, 0xC0, 0x1F, 0x07, 0xC0, 0x1F, 0x0F, 0x80, 0x0F, 0x8F, 0x80, 0x0F, 0x9F, 0x00, 0x07, 0xDF, 0x00,
      0x07, 0xFF, 0x00, 0x03, 0xFE, 0x00, 0x03, 0xFE, 0x00, 0x01, 0xFC, 0x00, 0x01, 0xFC, 0x00, 0x00, 0xFC, 0x00, 0x00, 0xF8, 0x00, 0x00, 0xF8, 0x00,
      0x01, 0xF0, 0x00, 0x01, 0xF0, 0x00, 0x03, 0xF0, 0x00, 0x1F, 0xE0, 0x00, 0x1F, 0xC0, 0x00, 0x1F, 0xC0, 0x00, 0x1F, 0x00, 0x00, 0x00, 0x00, 0x00,
      0x00, 0x00, 0x00, 0x00, 0x00, 0x00, 0x00, 0x00, 0x00, 0x00, 0x00, 0x00, 0x00, 0x00, 0x00, 0x00, 0x00, 0x00, 0x00, 0x00, 0x00, 0x00, 0x00, 0x00}},
    {0x0424,  // 'Ф'
     {0x00, 0x00, 0x00, 0x00, 0x00, 0x00, 0x00, 0x00, 0x00, 0x00, 0x00, 0x00, 0x00, 0x00, 0x00, 0x00, 0x00, 0x00, 0x00, 0x00, 0x00, 0x00, 0xF0, 0x00,
      0x00, 0xF0, 0x00, 0x03, 0xFC, 0x00, 0x0F, 0xFF, 0x00, 0x1F, 0xFF, 0x80, 0x3F, 0xFF, 0xC0, 0x3E, 0xF7, 0xC0, 0x7C, 0xF3, 0xE0, 0x78, 0xF1, 0xE0,
      0x78, 0xF1, 0xE0, 0x78, 0xF1, 0xE0, 0x78, 0xF1, 0xE0, 0x78, 0xF1, 0xE0, 0x78, 0xF1, 0xE0, 0x78, 0xF1, 0xE0, 0x78, 0xF1, 0xE0, 0x7C, 0xF3, 0xE0,
      0x3E, 0xF7, 0xC0, 0x3F, 0xFF, 0xC0, 0x1F, 0xFF, 0x80, 0x0F, 0xFF, 0x00, 0x03, 0xFC, 0x00, 0x00, 0xF0, 0x00, 0x00, 0xF0, 0x00, 0x00, 0x00, 0x00,
      0x00, 0x00, 0x00, 0x00, 0x00, 0x00, 0x00, 0x00, 0x00, 0x00, 0x00, 0x00, 0x00, 0x00, 0x00, 0x00, 0x00, 0x00, 0x00, 0x00, 0x00, 0x00, 0x00, 0x00}},
    {0x0425,  // 'Х'
     {0x00, 0x00, 0x00, 0x00, 0x00, 0x00, 0x00, 0x00, 0x00, 0x00, 0x00, 0x00, 0x00, 0x00, 0x00, 0x00, 0x00, 0x00, 0x00, 0x00, 0x00, 0x7C, 0x03, 0xE0,
      0x7C, 0x07, 0xC0, 0x3E, 0x07, 0xC0, 0x1F, 0x0F, 0x80, 0x1F, 0x0F, 0x80, 0x0F, 0x9F, 0x00, 0x0F, 0x9E, 0x00, 0x07, 0xFE, 0x00, 0x03, 0xFC, 0x00,
      0x03, 0xFC, 0x00, 0x01, 0xF8, 0x00, 0x01, 0xF8, 0x00, 0x01, 0xF8, 0x00, 0x01, 0xF8, 0x00, 0x03, 0xFC, 0x00, 0x07, 0xFE, 0x00, 0x07, 0xFE, 0x00,
      0x0F, 0x9F, 0x00, 0x0F, 0x9F, 0x00, 0x1F, 0x0F, 0x80, 0x3E, 0x0F, 0x80, 0x3E, 0x07, 0xC0, 0x7C, 0x03, 0xE0, 0x7C, 0x03, 0xE0, 0x00, 0x00, 0x00,
      0x00, 0x00, 0x00, 0x00, 0x00, 0x00, 0x00, 0x00, 0x00, 0x00, 0x00, 0x00, 0x00, 0x00, 0x00, 0x00, 0x00, 0x00, 0x00, 0x00, 0x00, 0x00, 0x00, 0x00}},
    {0x0426,  // 'Ц'
     {0x00, 0x00, 0x00, 0x00, 0x00, 0x00, 0x00, 0x00, 0x00, 0x00, 0x00, 0x00, 0x00, 0x00, 0x00, 0x00, 0x00, 0x00, 0x00, 0x00, 0x00, 0x7C, 0x0F, 0x80,
      0x7C, 0x0F, 0x80, 0x7C, 0x0F, 0x80, 0x7C, 0x0F, 0x80, 0x7C, 0x0F, 0x80, 0x7C, 0x0F, 0x80, 0x7C, 0x0F, 0x80, 0x7C, 0x0F, 0x80, 0x7C, 0x0F, 0x80,
      0x7C, 0x0F, 0x80, 0x7C, 0x0F, 0x80, 0x7C, 0x0F, 0x80, 0x7C, 0x0F, 0x80, 0x7C, 0x0F, 0x80, 0x7C, 0x0F, 0x80, 0x7C, 0x0F, 0x80, 0x7C, 0x0F, 0x80,
      0x7C, 0x0F, 0x80, 0x7C, 0x0F, 0x80, 0x7C, 0x0F, 0x80, 0x7F, 0xFF, 0xE0, 0x7F, 0xFF, 0xE0, 0x7F, 0xFF, 0xE0, 0x7F, 0xFF, 0xE0, 0x00, 0x03, 0xE0,
      0x00, 0x03, 0xE0, 0x00, 0x03, 0xE0, 0x00, 0x03, 0xE0, 0x00, 0x03, 0xE0, 0x00, 0x00, 0x00, 0x00, 0x00, 0x00, 0x00, 0x00, 0x00, 0x00, 0x00, 0x00}},
    {0x0427,  // 'Ч'
     {0x00, 0x00, 0x00, 0x00, 0x00, 0x00, 0x00, 0x00, 0x00, 0x00, 0x00, 0x00, 0x00, 0x00, 0x00, 0x00, 0x00, 0x00, 0x00, 0x00, 0x00, 0x3C, 0x07, 0xC0,
      0x3C, 0x07, 0xC0, 0x3C, 0x07, 0xC0, 0x3C, 0x07, 0xC0, 0x3C, 0x07, 0xC0, 0x3C, 0x07, 0xC0, 0x3C, 0x07, 0xC0, 0x3C, 0x07, 0xC0, 0x3E, 0x07, 0xC0,
      0x3F, 0x0F, 0xC0, 0x3F, 0xFF, 0xC0, 0x3F, 0xFF, 0xC0, 0x1F, 0xFF, 0xC0, 0x07, 0xE7, 0xC0, 0x00, 0x07, 0xC0, 0x00, 0x07, 0xC0, 0x00, 0x07, 0xC0,
      0x00, 0x07, 0xC0, 0x00, 0x07, 0xC0, 0x00, 0x07, 0xC0, 0x00, 0x07, 0xC0, 0x00, 0x07, 0xC0, 0x00, 0x07, 0xC0, 0x00, 0x07, 0xC0, 0x00, 0x00, 0x00,
      0x00, 0x00, 0x00, 0x00, 0x00, 0x00, 0x00, 0x00, 0x00, 0x00, 0x00, 0x00, 0x00, 0x00, 0x00, 0x00, 0x00, 0x00, 0x00, 0x00, 0x00, 0x00, 0x00, 0x00}},
    {0x0428,  // 'Ш'
     {0x00, 0x00, 0x00, 0x00, 0x00, 0x00, 0x00, 0x00, 0x00, 0x00, 0x00, 0x00, 0x00, 0x00, 0x00, 0x00, 0x00, 0x00, 0x00, 0x00, 0x00, 0x78, 0xF1, 0xE0,
      0x78, 0xF1, 0xE0, 0x78, 0xF1, 0xE0, 0x78, 0xF1, 0xE0, 0x78, 0xF1, 0xE0, 0x78, 0xF1, 0xE0, 0x78, 0xF1, 0xE0, 0x78, 0xF1, 0xE0, 0x78, 0xF1, 0xE0,
      0x78, 0xF1, 0xE0, 0x78, 0xF1, 0xE0, 0x78, 0xF1, 0xE0, 0x78, 0xF1, 0xE0, 0x78, 0xF1, 0xE0, 0x78, 0xF1, 0xE0, 0x78, 0xF1, 0xE0, 0x78, 0xF1, 0xE0,
      0x78, 0xF1, 0xE0, 0x78, 0xF1, 0xE0, 0x78, 0xF1, 0xE0, 0x7F, 0xFF, 0xE0, 0x7F, 0xFF, 0xE0, 0x7F, 0xFF, 0xE0, 0x7F, 0xFF, 0xE0, 0x00, 0x00, 0x00,
      0x00, 0x00, 0x00, 0x00, 0x00, 0x00, 0x00, 0x00, 0x00, 0x00, 0x00, 0x00, 0x00, 0x00, 0x00, 0x00, 0x00, 0x00, 0x00, 0x00, 0x00, 0x00, 0x00, 0x00}},
    {0x0429,  // 'Щ'
     {0x00, 0x00, 0x00, 0x00, 0x00, 0x00, 0x00, 0x00, 0x00, 0x00, 0x00, 0x00, 0x00, 0x00, 0x00, 0x00, 0x00, 0x00, 0x00, 0x00, 0x00, 0x78, 0xF1, 0xE0,
      0x78, 0xF1, 0xE0, 0x78, 0xF1, 0xE0, 0x78, 0xF1, 0xE0, 0x78, 0xF1, 0xE0, 0x78, 0xF1, 0xE0, 0x78, 0xF1, 0xE0, 0x78, 0xF1, 0xE0, 0x78, 0xF1, 0xE0,
      0x78, 0xF1, 0xE0, 0x78, 0xF1, 0xE0, 0x78, 0xF1, 0xE0, 0x78, 0xF1, 0xE0, 0x78, 0xF1, 0xE0, 0x78, 0xF1, 0xE0, 0x78, 0xF1, 0xE0, 0x78, 0xF1, 0xE0,
      0x78, 0xF1, 0xE0, 0x78, 0xF1, 0xE0, 0x78, 0xF1, 0xE0, 0x7F, 0xFF, 0xF0, 0x7F, 0xFF, 0xF0, 0x7F, 0xFF, 0xF0, 0x7F, 0xFF, 0xF0, 0x00, 0x00, 0xF0,
      0x00, 0x00, 0xF0, 0x00, 0x00, 0xF0, 0x00, 0x00, 0xF0, 0x00, 0x00, 0xF0, 0x00, 0x00, 0x00, 0x00, 0x00, 0x00, 0x00, 0x00, 0x00, 0x00, 0x00, 0x00}},
    {0x042C,  // 'Ь'
     {0x00, 0x00, 0x00, 0x00, 0x00, 0x00, 0x00, 0x00, 0x00, 0x00, 0x00, 0x00, 0x00, 0x00, 0x00, 0x00, 0x00, 0x00, 0x00, 0x00, 0x00, 0x3E, 0x00, 0x00,
      0x3E, 0x00, 0x00, 0x3E, 0x00, 0x00, 0x3E, 0x00, 0x00, 0x3E, 0x00, 0x00, 0x3E, 0x00, 0x00, 0x3E, 0x00, 0x00, 0x3E, 0x00, 0x00, 0x3E, 0x00, 0x00,
      0x3F, 0xF8, 0x00, 0x3F, 0xFE, 0x00, 0x3F, 0xFF, 0x00, 0x3F, 0xFF, 0x80, 0x3E, 0x0F, 0x80, 0x3E, 0x07, 0xC0, 0x3E, 0x07, 0xC0, 0x3E, 0x07, 0xC0,
      0x3E, 0x07, 0xC0, 0x3E, 0x07, 0xC0, 0x3E, 0x0F, 0x80, 0x3F, 0xFF, 0x80, 0x3F, 0xFF, 0x00, 0x3F, 0xFE, 0x00, 0x3F, 0xF8, 0x00, 0x00, 0x00, 0x00,
      0x00, 0x00, 0x00, 0x00, 0x00, 0x00, 0x00, 0x00, 0x00, 0x00, 0x00, 0x00, 0x00, 0x00, 0x00, 0x00, 0x00, 0x00, 0x00, 0x00, 0x00, 0x00, 0x00, 0x00}},
    {0x042E,  // 'Ю'
     {0x00, 0x00, 0x00, 0x00, 0x00, 0x00, 0x00, 0x00, 0x00, 0x00, 0x00, 0x00, 0x00, 0x00, 0x00, 0x00, 0x00, 0x00, 0x00, 0x00, 0x00, 0xF8, 0x1F, 0x00,
      0xF8, 0x3F, 0x80, 0xF8, 0x7F, 0xC0, 0xF8, 0xFF, 0xC0, 0xF8, 0xF3, 0xE0, 0xF9, 0xF3, 0xE0, 0xF9, 0xF1, 0xE0, 0xF9, 0xE1, 0xE0, 0xF9, 0xE1, 0xF0,
      0xFF, 0xE1, 0xF0, 0xFF, 0xE1, 0xF0, 0xFF, 0xE1, 0xF0, 0xFF, 0xE1, 0xF0, 0xF9, 0xE1, 0xF0, 0xF9, 0xE1, 0xF0, 0xF9, 0xE1, 0xE0, 0xF9, 0xE1, 0xE0,
      0xF9, 0xF1, 0xE0, 0xF8, 0xF3, 0xE0, 0xF8, 0xFB, 0xC0, 0xF8, 0xFF, 0xC0, 0xF8, 0x7F, 0x80, 0xF8, 0x3F, 0x80, 0xF8, 0x1E, 0x00, 0x00, 0x00, 0x00,
      0x00, 0x00, 0x00, 0x00, 0x00, 0x00, 0x00, 0x00, 0x00, 0x00, 0x00, 0x00, 0x00, 0x00, 0x00, 0x00, 0x00, 0x00, 0x00, 0x00, 0x00, 0x00, 0x00, 0x00}},
    {0x042F,  // 'Я'
     {0x00, 0x00, 0x00, 0x00, 0x00, 0x00, 0x00, 0x00, 0x00, 0x00, 0x00, 0x00, 0x00, 0x00, 0x00, 0x00, 0x00, 0x00, 0x00, 0x00, 0x00, 0x01, 0xFF, 0xE0,
      0x07, 0xFF, 0xE0, 0x0F, 0xFF, 0xE0, 0x1F, 0xFF, 0xE0, 0x1F, 0x83, 0xE0, 0x3F, 0x03, 0xE0, 0x3E, 0x03, 0xE0, 0x3E, 0x03, 0xE0, 0x3E, 0x03, 0xE0,
      0x1F, 0x03, 0xE0, 0x1F, 0x83, 0xE0, 0x0F, 0xFF, 0xE0, 0x0F, 0xFF, 0xE0, 0x03, 0xFF, 0xE0, 0x03, 0xFF, 0xE0, 0x03, 0xE3, 0xE0, 0x07, 0xE3, 0xE0,
      0x07, 0xC3, 0xE0, 0x0F, 0x83, 0xE0, 0x0F, 0x83, 0xE0, 0x1F, 0x03, 0xE0, 0x1F, 0x03, 0xE0, 0x3E, 0x03, 0xE0, 0x3E, 0x03, 0xE0, 0x00, 0x00, 0x00,
      0x00, 0x00, 0x00, 0x00, 0x00, 0x00, 0x00, 0x00, 0x00, 0x00, 0x00, 0x00, 0x00, 0x00, 0x00, 0x00, 0x00, 0x00, 0x00, 0x00, 0x00, 0x00, 0x00, 0x00}},
    {0x0430,  // 'а'
     {0x00, 0x00, 0x00, 0x00, 0x00, 0x00, 0x00, 0x00, 0x00, 0x00, 0x00, 0x00, 0x00, 0x00, 0x00, 0x00, 0x00, 0x00, 0x00, 0x00, 0x00, 0x00, 0x00, 0x00,
      0x00, 0x00, 0x00, 0x00, 0x00, 0x00, 0x00, 0x00, 0x00, 0x00, 0x00, 0x00, 0x00, 0x00, 0x00, 0x07, 0xFC, 0x00, 0x1F, 0xFF, 0x00, 0x1F, 0xFF, 0x80,
      0x1E, 0x0F, 0x80, 0x10, 0x07, 0xC0, 0x00, 0x07, 0xC0, 0x03, 0xFF, 0xC0, 0x0F, 0xFF, 0xC0, 0x1F, 0xFF, 0xC0, 0x3F, 0x07, 0xC0, 0x3E, 0x07, 0xC0,
      0x3E, 0x07, 0xC0, 0x3E, 0x07, 0xC0, 0x3E, 0x0F, 0xC0, 0x3F, 0x1F, 0xC0, 0x3F, 0xFF, 0xC0, 0x1F, 0xF7, 0xC0, 0x07, 0xE7, 0xC0, 0x00, 0x00, 0x00,
      0x00, 0x00, 0x00, 0x00, 0x00, 0x00, 0x00, 0x00, 0x00, 0x00, 0x00, 0x00, 0x00, 0x00, 0x00, 0x00, 0x00, 0x00, 0x00, 0x00, 0x00, 0x00, 0x00, 0x00}},
    {0x0431,  // 'б'
     {0x00, 0x00, 0x00, 0x00, 0x00, 0x00, 0x00, 0x00, 0x00, 0x00, 0x00, 0x00, 0x00, 0x00, 0x00, 0x00, 0x00, 0x00, 0x00, 0xFE, 0x00, 0x03, 0xFF, 0x00,
      0x0F, 0xFF, 0x00, 0x1F, 0xFF, 0x00, 0x1F, 0x00, 0x00, 0x3E, 0x00, 0x00, 0x3C, 0x00, 0x00, 0x79, 0xF8, 0x00, 0x7F, 0xFE, 0x00, 0x7F, 0xFF, 0x00,
      0x7F, 0xFF, 0x80, 0x7F, 0x0F, 0x80, 0x7E, 0x07, 0xC0, 0x7E, 0x07, 0xC0, 0x3C, 0x07, 0xC0, 0x3C, 0x03, 0xC0, 0x3C, 0x03, 0xC0, 0x3C, 0x07, 0xC0,
      0x3E, 0x07, 0xC0, 0x3E, 0x07, 0xC0, 0x1F, 0x0F, 0x80, 0x1F, 0xFF, 0x80, 0x0F, 0xFF, 0x00, 0x07, 0xFE, 0x00, 0x01, 0xF8, 0x00, 0x00, 0x00, 0x00,
      0x00, 0x00, 0x00, 0x00, 0x00, 0x00, 0x00, 0x00, 0x00, 0x00, 0x00, 0x00, 0x00, 0x00, 0x00, 0x00, 0x00, 0x00, 0x00, 0x00, 0x00, 0x00, 0x00, 0x00}},
    {0x0432,  // 'в'
     {0x00, 0x00, 0x00, 0x00, 0x00, 0x00, 0x00, 0x00, 0x00, 0x00, 0x00, 0x00, 0x00, 0x00, 0x00, 0x00, 0x00, 0x00, 0x00, 0x00, 0x00, 0x00, 0x00, 0x00,
      0x00, 0x00, 0x00, 0x00, 0x00, 0x00, 0x00, 0x00, 0x00, 0x00, 0x00, 0x00, 0x00, 0x00, 0x00, 0x3F, 0xFC, 0x00, 0x3F, 0xFF, 0x00, 0x3F, 0xFF, 0x80,
      0x3F, 0xFF, 0x80, 0x3E, 0x0F, 0x80, 0x3E, 0x07, 0x80, 0x3E, 0x0F, 0x80, 0x3F, 0xFF, 0x00, 0x3F, 0xFE, 0x00, 0x3F, 0xFF, 0x00, 0x3F, 0xFF, 0x80,
      0x3E, 0x07, 0xC0, 0x3E, 0x07, 0xC0, 0x3E, 0x0F, 0xC0, 0x3F, 0xFF, 0xC0, 0x3F, 0xFF, 0x80, 0x3F, 0xFF, 0x00, 0x3F, 0xFC, 0x00, 0x00, 0x00, 0x00,
      0x00, 0x00, 0x00, 0x00, 0x00, 0x00, 0x00, 0x00, 0x00, 0x00, 0x00, 0x00, 0x00, 0x00, 0x00, 0x00, 0x00, 0x00, 0x00, 0x00, 0x00, 0x00, 0x00, 0x00}},
    {0x0433,  // 'г'
     {0x00, 0x00, 0x00, 0x00, 0x00, 0x00, 0x00, 0x00, 0x00, 0x00, 0x00, 0x00, 0x00, 0x00, 0x00, 0x00, 0x00, 0x00, 0x00, 0x00, 0x00, 0x00, 0x00, 0x00,
      0x00, 0x00, 0x00, 0x00, 0x00, 0x00, 0x00, 0x00, 0x00, 0x00, 0x00, 0x00, 0x00, 0x00, 0x00, 0x0F, 0xFF, 0x00, 0x0F, 0xFF, 0x00, 0x0F, 0xFF, 0x00,
      0x0F, 0xFF, 0x00, 0x0F, 0x00, 0x00, 0x0F, 0x00, 0x00, 0x0F, 0x00, 0x00, 0x0F, 0x00, 0x00, 0x0F, 0x00, 0x00, 0x0F, 0x00, 0x00, 0x0F, 0x00, 0x00,
      0x0F, 0x00, 0x00, 0x0F, 0x00, 0x00, 0x0F, 0x00, 0x00, 0x0F, 0x00, 0x00, 0x0F, 0x00, 0x00, 0x0F, 0x00, 0x00, 0x0F, 0x00, 0x00, 0x00, 0x00, 0x00,
      0x00, 0x00, 0x00, 0x00, 0x00, 0x00, 0x00, 0x00, 0x00, 0x00, 0x00, 0x00, 0x00, 0x00, 0x00, 0x00, 0x00, 0x00, 0x00, 0x00, 0x00, 0x00, 0x00, 0x00}},
    {0x0434,  // 'д'
     {0x00, 0x00, 0x00, 0x00, 0x00, 0x00, 0x00, 0x00, 0x00, 0x00, 0x00, 0x00, 0x00, 0x00, 0x00, 0x00, 0x00, 0x00, 0x00, 0x00, 0x00, 0x00, 0x00, 0x00,
      0x00, 0x00, 0x00, 0x00, 0x00, 0x00, 0x00, 0x00, 0x00, 0x00, 0x00, 0x00, 0x00, 0x00, 0x00, 0x1F, 0xFF, 0x80, 0x1F, 0xFF, 0x80, 0x1F, 0xFF, 0x80,
      0x1F, 0xFF, 0x80, 0x1F, 0x0F, 0x80, 0x1F, 0x0F, 0x80, 0x1F, 0x0F, 0x80, 0x1F, 0x0F, 0x80, 0x1F, 0x0F, 0x80, 0x1F, 0x0F, 0x80, 0x1F, 0x0F, 0x80,
      0x1F, 0x0F, 0x80, 0x1F, 0x0F, 0x80, 0x1F, 0x0F, 0x80, 0x7F, 0xFF, 0xE0, 0x7F, 0xFF, 0xE0, 0x7F, 0xFF, 0xE0, 0x7F, 0xFF, 0xE0, 0x78, 0x01, 0xE0,
      0x78, 0x01, 0xE0, 0x78, 0x01, 0xE0, 0x78, 0x01, 0xE0, 0x78, 0x01, 0xE0, 0x00, 0x00, 0x00, 0x00, 0x00, 0x00, 0x00, 0x00, 0x00, 0x00, 0x00, 0x00}},
    {0x0435,  // 'е'
     {0x00, 0x00, 0x00, 0x00, 0x00, 0x00, 0x00, 0x00, 0x00, 0x00, 0x00, 0x00, 0x00, 0x00, 0x00, 0x00, 0x00, 0x00, 0x00, 0x00, 0x00, 0x00, 0x00, 0x00,
      0x00, 0x00, 0x00, 0x00, 0x00, 0x00, 0x00, 0x00, 0x00, 0x00, 0x00, 0x00, 0x00, 0x00, 0x00, 0x01, 0xF8, 0x00, 0x07, 0xFE, 0x00, 0x0F, 0xFF, 0x00,
      0x1F, 0xFF, 0x80, 0x3F, 0x0F, 0xC0, 0x3E, 0x07, 0xC0, 0x3C, 0x03, 0xC0, 0x3F, 0xFF, 0xC0, 0x3F, 0xFF, 0xC0, 0x3F, 0xFF, 0xE0, 0x3F, 0xFF, 0xE0,
      0x3C, 0x00, 0x00, 0x3E, 0x00, 0x00, 0x3F, 0x00, 0xC0, 0x1F, 0xFF, 0xC0, 0x0F, 0xFF, 0xC0, 0x07, 0xFF, 0xC0, 0x01, 0xFF, 0x00, 0x00, 0x00, 0x00,
      0x00, 0x00, 0x00, 0x00, 0x00, 0x00, 0x00, 0x00, 0x00, 0x00, 0x00, 0x00, 0x00, 0x00, 0x00, 0x00, 0x00, 0x00, 0x00, 0x00, 0x00, 0x00, 0x00, 0x00}},
    {0x0436,  // 'ж'
     {0x00, 0x00, 0x00, 0x00, 0x00, 0x00, 0x00, 0x00, 0x00, 0x00, 0x00, 0x00, 0x00, 0x00, 0x00, 0x00, 0x00, 0x00, 0x00, 0x00, 0x00, 0x00, 0x00, 0x00,
      0x00, 0x00, 0x00, 0x00, 0x00, 0x00, 0x00, 0x00, 0x00, 0x00, 0x00, 0x00, 0x00, 0x00, 0x00, 0x78, 0xF1, 0xE0, 0x7C, 0xF3, 0xE0, 0x3C, 0xF3, 0xC0,
      0x3E, 0xF7, 0xC0, 0x1E, 0xFF, 0x80, 0x0F, 0xFF, 0x00, 0x0F, 0xFF, 0x00, 0x0F, 0xFF, 0x00, 0x0F, 0xFF, 0x00, 0x1F, 0xFF, 0x80, 0x1F, 0xFF, 0x80,
      0x1F, 0xFF, 0x80, 0x3C, 0xF3, 0xC0, 0x3C, 0xF3, 0xC0, 0x7C, 0xF3, 0xC0, 0x78, 0xF1, 0xE0, 0x78, 0xF1, 0xE0, 0xF8, 0xF1, 0xE0, 0x00, 0x00, 0x00,
      0x00, 0x00, 0x00, 0x00, 0x00, 0x00, 0x00, 0x00, 0x00, 0x00, 0x00, 0x00, 0x00, 0x00, 0x00, 0x00, 0x00, 0x00, 0x00, 0x00, 0x00, 0x00, 0x00, 0x00}},
    {0x0437,  // 'з'
     {0x00, 0x00, 0x00, 0x00, 0x00, 0x00, 0x00, 0x00, 0x00, 0x00, 0x00, 0x00, 0x00, 0x00, 0x00, 0x00, 0x00, 0x00, 0x00, 0x00, 0x00, 0x00, 0x00, 0x00,
      0x00, 0x00, 0x00, 0x00, 0x00, 0x00, 0x00, 0x00, 0x00, 0x00, 0x00, 0x00, 0x00, 0x00, 0x00, 0x07, 0xF8, 0x00, 0x1F, 0xFE, 0x00, 0x1F, 0xFF, 0x00,
      0x1F, 0xFF, 0x80, 0x18, 0x1F, 0x80, 0x00, 0x0F, 0x80, 0x00, 0x1F, 0x80, 0x03, 0xFF, 0x00, 0x03, 0xFE, 0x00, 0x03, 0xFE, 0x00, 0x03, 0xFF, 0x00,
      0x00, 0x0F, 0x80, 0x00, 0x07, 0x80, 0x10, 0x0F, 0x80, 0x3F, 0xFF, 0x80, 0x3F, 0xFF, 0x80, 0x3F, 0xFE, 0x00, 0x0F, 0xF8, 0x00, 0x00, 0x00, 0x00,
      0x00, 0x00, 0x00, 0x00, 0x00, 0x00, 0x00, 0x00, 0x00, 0x00, 0x00, 0x00, 0x00, 0x00, 0x00, 0x00, 0x00, 0x00, 0x00, 0x00, 0x00, 0x00, 0x00, 0x00}},
    {0x0438,  // 'и'
     {0x00, 0x00, 0x00, 0x00, 0x00, 0x00, 0x00, 0x00, 0x00, 0x00, 0x00, 0x00, 0x00, 0x00, 0x00, 0x00, 0x00, 0x00, 0x00, 0x00, 0x00, 0x00, 0x00, 0x00,
      0x00, 0x00, 0x00, 0x00, 0x00, 0x00, 0x00, 0x00, 0x00, 0x00, 0x00, 0x00, 0x00, 0x00, 0x00, 0x3E, 0x07, 0xC0, 0x3E, 0x0F, 0xC0, 0x3E, 0x0F, 0xC0,
      0x3E, 0x1F, 0xC0, 0x3E, 0x1F, 0xC0, 0x3E, 0x3F, 0xC0, 0x3E, 0x3F, 0xC0, 0x3E, 0x7F, 0xC0, 0x3E, 0x77, 0xC0, 0x3E, 0xE7, 0xC0, 0x3F, 0xE7, 0xC0,
      0x3F, 0xC7, 0xC0, 0x3F, 0xC7, 0xC0, 0x3F, 0x87, 0xC0, 0x3F, 0x87, 0xC0, 0x3F, 0x07, 0xC0, 0x3F, 0x07, 0xC0, 0x3E, 0x07, 0xC0, 0x00, 0x00, 0x00,
      0x00, 0x00, 0x00, 0x00, 0x00, 0x00, 0x00, 0x00, 0x00, 0x00, 0x00, 0x00, 0x00, 0x00, 0x00, 0x00, 0x00, 0x00, 0x00, 0x00, 0x00, 0x00, 0x00, 0x00}},
    {0x0439,  // 'й'
     {0x00, 0x00, 0x00, 0x00, 0x00, 0x00, 0x00, 0x00, 0x00, 0x00, 0x00, 0x00, 0x00, 0x00, 0x00, 0x06, 0x06, 0x00, 0x07, 0x0E, 0x00, 0x07, 0xFE, 0x00,
      0x03, 0xFC, 0x00, 0x01, 0xF8, 0x00, 0x00, 0x00, 0x00, 0x00, 0x00, 0x00, 0x00, 0x00, 0x00, 0x3E, 0x07, 0xC0, 0x3E, 0x0F, 0xC0, 0x3E, 0x0F, 0xC0,
      0x3E, 0x1F, 0xC0, 0x3E, 0x1F, 0xC0, 0x3E, 0x3F, 0xC0, 0x3E, 0x3F, 0xC0, 0x3E, 0x7F, 0xC0, 0x3E, 0x77, 0xC0, 0x3E, 0xE7, 0xC0, 0x3F, 0xE7, 0xC0,
      0x3F, 0xC7, 0xC0, 0x3F, 0xC7, 0xC0, 0x3F, 0x87, 0xC0, 0x3F, 0x87, 0xC0, 0x3F, 0x07, 0xC0, 0x3F, 0x07, 0xC0, 0x3E, 0x07, 0xC0, 0x00, 0x00, 0x00,
      0x00, 0x00, 0x00, 0x00, 0x00, 0x00, 0x00, 0x00, 0x00, 0x00, 0x00, 0x00, 0x00, 0x00, 0x00, 0x00, 0x00, 0x00, 0x00, 0x00, 0x00, 0x00, 0x00, 0x00}},
    {0x043A,  // 'к'
     {0x00, 0x00, 0x00, 0x00, 0x00, 0x00, 0x00, 0x00, 0x00, 0x00, 0x00, 0x00, 0x00, 0x00, 0x00, 0x00, 0x00, 0x00, 0x00, 0x00, 0x00, 0x00, 0x00, 0x00,
      0x00, 0x00, 0x00, 0x00, 0x00, 0x00, 0x00, 0x00, 0x00, 0x00, 0x00, 0x00, 0x00, 0x00, 0x00, 0x1F, 0x07, 0xC0, 0x1F, 0x0F, 0x80, 0x1F, 0x1F, 0x00,
      0x1F, 0x3E, 0x00, 0x1F, 0x7C, 0x00, 0x1F, 0xF8, 0x00, 0x1F, 0xF0, 0x00, 0x1F, 0xF8, 0x00, 0x1F, 0xF8, 0x00, 0x1F, 0xFC, 0x00, 0x1F, 0x3C, 0x00,
      0x1F, 0x3E, 0x00, 0x1F, 0x1F, 0x00, 0x1F, 0x1F, 0x00, 0x1F, 0x0F, 0x80, 0x1F, 0x07, 0xC0, 0x1F, 0x07, 0xC0, 0x1F, 0x03, 0xE0, 0x00, 0x00, 0x00,
      0x00, 0x00, 0x00, 0x00, 0x00, 0x00, 0x00, 0x00, 0x00, 0x00, 0x00, 0x00, 0x00, 0x00, 0x00, 0x00, 0x00, 0x00, 0x00, 0x00, 0x00, 0x00, 0x00, 0x00}},
    {0x043B,  // 'л'
     {0x00, 0x00, 0x00, 0x00, 0x00, 0x00, 0x00, 0x00, 0x00, 0x00, 0x00, 0x00, 0x00, 0x00, 0x00, 0x00, 0x00, 0x00, 0x00, 0x00, 0x00, 0x00, 0x00, 0x00,
      0x00, 0x00, 0x00, 0x00, 0x00, 0x00, 0x00, 0x00, 0x00, 0x00, 0x00, 0x00, 0x00, 0x00, 0x00, 0x07, 0xFF, 0xC0, 0x07, 0xFF, 0xC0, 0x07, 0xFF, 0xC0,
      0x07, 0xFF, 0xC0, 0x07, 0x87, 0xC0, 0x07, 0x87, 0xC0, 0x07, 0x87, 0xC0, 0x0F, 0x87, 0xC0, 0x0F, 0x87, 0xC0, 0x0F, 0x87, 0xC0, 0x0F, 0x87, 0xC0,
      0x0F, 0x87, 0xC0, 0x0F, 0x87, 0xC0, 0x1F, 0x87, 0xC0, 0x7F, 0x07, 0xC0, 0x7F, 0x07, 0xC0, 0x7E, 0x07, 0xC0, 0x7C, 0x07, 0xC0, 0x00, 0x00, 0x00,
      0x00, 0x00, 0x00, 0x00, 0x00, 0x00, 0x00, 0x00, 0x00, 0x00, 0x00, 0x00, 0x00, 0x00, 0x00, 0x00, 0x00, 0x00, 0x00, 0x00, 0x00, 0x00, 0x00, 0x00}},
    {0x043C,  // 'м'
     {0x00, 0x00, 0x00, 0x00, 0x00, 0x00, 0x00, 0x00, 0x00, 0x00, 0x00, 0x00, 0x00, 0x00, 0x00, 0x00, 0x00, 0x00, 0x00, 0x00, 0x00, 0x00, 0x00, 0x00,
      0x00, 0x00, 0x00, 0x00, 0x00, 0x00, 0x00, 0x00, 0x00, 0x00, 0x00, 0x00, 0x00, 0x00, 0x00, 0x7E, 0x07, 0xC0, 0x7E, 0x0F, 0xC0, 0x7F, 0x0F, 0xC0,
      0x7F, 0x0F, 0xC0, 0x7F, 0x0F, 0xC0, 0x7F, 0x9F, 0xC0, 0x7F, 0x9F, 0xC0, 0x7B, 0x9D, 0xC0, 0x7B, 0xBD, 0xC0, 0x79, 0xF9, 0xC0, 0x79, 0xF9, 0xC0,
      0x79, 0xF9, 0xC0, 0x79, 0xF1, 0xC0, 0x78, 0xF1, 0xC0, 0x78, 0xF1, 0xC0, 0x78, 0x01, 0xC0, 0x78, 0x01, 0xC0, 0x78, 0x01, 0xC0, 0x00, 0x00, 0x00,
      0x00, 0x00, 0x00, 0x00, 0x00, 0x00, 0x00, 0x00, 0x00, 0x00, 0x00, 0x00, 0x00, 0x00, 0x00, 0x00, 0x00, 0x00, 0x00, 0x00, 0x00, 0x00, 0x00, 0x00}},
    {0x043D,  // 'н'
     {0x00, 0x00, 0x00, 0x00, 0x00, 0x00, 0x00, 0x00, 0x00, 0x00, 0x00, 0x00, 0x00, 0x00, 0x00, 0x00, 0x00, 0x00, 0x00, 0x00, 0x00, 0x00, 0x00, 0x00,
      0x00, 0x00, 0x00, 0x00, 0x00, 0x00, 0x00, 0x00, 0x00, 0x00, 0x00, 0x00, 0x00, 0x00, 0x00, 0x1E, 0x07, 0x80, 0x1E, 0x07, 0x80, 0x1E, 0x07, 0x80,
      0x1E, 0x07, 0x80, 0x1E, 0x07, 0x80, 0x1E, 0x07, 0x80, 0x1F, 0xFF, 0x80, 0x1F, 0xFF, 0x80, 0x1F, 0xFF, 0x80, 0x1F, 0xFF, 0x80, 0x1E, 0x07, 0x80,
      0x1E, 0x07, 0x80, 0x1E, 0x07, 0x80, 0x1E, 0x07, 0x80, 0x1E, 0x07, 0x80, 0x1E, 0x07, 0x80, 0x1E, 0x07, 0x80, 0x1E, 0x07, 0x80, 0x00, 0x00, 0x00,
      0x00, 0x00, 0x00, 0x00, 0x00, 0x00, 0x00, 0x00, 0x00, 0x00, 0x00, 0x00, 0x00, 0x00, 0x00, 0x00, 0x00, 0x00, 0x00, 0x00, 0x00, 0x00, 0x00, 0x00}},
    {0x043E,  // 'о'
     {0x00, 0x00, 0x00, 0x00, 0x00, 0x00, 0x00, 0x00, 0x00, 0x00, 0x00, 0x00, 0x00, 0x00, 0x00, 0x00, 0x00, 0x00, 0x00, 0x00, 0x00, 0x00, 0x00, 0x00,
      0x00, 0x00, 0x00, 0x00, 0x00, 0x00, 0x00, 0x00, 0x00, 0x00, 0x00, 0x00, 0x00, 0x00, 0x00, 0x01, 0xF8, 0x00, 0x07, 0xFE, 0x00, 0x0F, 0xFF, 0x00,
      0x1F, 0xFF, 0x80, 0x1F, 0x0F, 0x80, 0x3E, 0x07, 0xC0, 0x3E, 0x07, 0xC0, 0x3C, 0x07, 0xC0, 0x3C, 0x03, 0xC0, 0x3C, 0x03, 0xC0, 0x3C, 0x07, 0xC0,
      0x3E, 0x07, 0xC0, 0x3E, 0x07, 0xC0, 0x1F, 0x0F, 0x80, 0x1F, 0xFF, 0x80, 0x0F, 0xFF, 0x00, 0x07, 0xFE, 0x00, 0x01, 0xF8, 0x00, 0x00, 0x00, 0x00,
      0x00, 0x00, 0x00, 0x00, 0x00, 0x00, 0x00, 0x00, 0x00, 0x00, 0x00, 0x00, 0x00, 0x00, 0x00, 0x00, 0x00, 0x00, 0x00, 0x00, 0x00, 0x00, 0x00, 0x00}},
    {0x043F,  // 'п'
     {0x00, 0x00, 0x00, 0x00, 0x00, 0x00, 0x00, 0x00, 0x00, 0x00, 0x00, 0x00, 0x00, 0x00, 0x00, 0x00, 0x00, 0x00, 0x00, 0x00, 0x00, 0x00, 0x00, 0x00,
      0x00, 0x00, 0x00, 0x00, 0x00, 0x00, 0x00, 0x00, 0x00, 0x00, 0x00, 0x00, 0x00, 0x00, 0x00, 0x1F, 0xFF, 0x80, 0x1F, 0xFF, 0x80, 0x1F, 0xFF, 0x80,
      0x1F, 0xFF, 0x80, 0x1E, 0x07, 0x80, 0x1E, 0x07, 0x80, 0x1E, 0x07, 0x80, 0x1E, 0x07, 0x80, 0x1E, 0x07, 0x80, 0x1E, 0x07, 0x80, 0x1E, 0x07, 0x80,
      0x1E, 0x07, 0x80, 0x1E, 0x07, 0x80, 0x1E, 0x07, 0x80, 0x1E, 0x07, 0x80, 0x1E, 0x07, 0x80, 0x1E, 0x07, 0x80, 0x1E, 0x07, 0x80, 0x00, 0x00, 0x00,
      0x00, 0x00, 0x00, 0x00, 0x00, 0x00, 0x00, 0x00, 0x00, 0x00, 0x00, 0x00, 0x00, 0x00, 0x00, 0x00, 0x00, 0x00, 0x00, 0x00, 0x00, 0x00, 0x00, 0x00}},
    {0x0440,  // 'р'
     {0x00, 0x00, 0x00, 0x00, 0x00, 0x00, 0x00, 0x00, 0x00, 0x00, 0x00, 0x00, 0x00, 0x00, 0x00, 0x00, 0x00, 0x00, 0x00, 0x00, 0x00, 0x00, 0x00, 0x00,
      0x00, 0x00, 0x00, 0x00, 0x00, 0x00, 0x00, 0x00, 0x00, 0x00, 0x00, 0x00, 0x00, 0x00, 0x00, 0x3E, 0x3C, 0x00, 0x3E, 0xFF, 0x00, 0x3F, 0xFF, 0x80,
      0x3F, 0xFF, 0x80, 0x3F, 0x8F, 0xC0, 0x3F, 0x07, 0xC0, 0x3E, 0x07, 0xC0, 0x3E, 0x03, 0xC0, 0x3E, 0x03, 0xC0, 0x3E, 0x03, 0xC0, 0x3E, 0x03, 0xC0,
      0x3E, 0x07, 0xC0, 0x3F, 0x07, 0xC0, 0x3F, 0x8F, 0xC0, 0x3F, 0xFF, 0x80, 0x3F, 0xFF, 0x80, 0x3E, 0xFF, 0x00, 0x3E, 0x3C, 0x00, 0x3E, 0x00, 0x00,
      0x3E, 0x00, 0x00, 0x3E, 0x00, 0x00, 0x3E, 0x00, 0x00, 0x3E, 0x00, 0x00, 0x3E, 0x00, 0x00, 0x3E, 0x00, 0x00, 0x00, 0x00, 0x00, 0x00, 0x00, 0x00}},
    {0x0441,  // 'с'
     {0x00, 0x00, 0x00, 0x00, 0x00, 0x00, 0x00, 0x00, 0x00, 0x00, 0x00, 0x00, 0x00, 0x00, 0x00, 0x00, 0x00, 0x00, 0x00, 0x00, 0x00, 0x00, 0x00, 0x00,
      0x00, 0x00, 0x00, 0x00, 0x00, 0x00, 0x00, 0x00, 0x00, 0x00, 0x00, 0x00, 0x00, 0x00, 0x00, 0x00, 0xFE, 0x00, 0x03, 0xFF, 0x80, 0x07, 0xFF, 0x80,
      0x0F, 0xFF, 0x80, 0x0F, 0xC0, 0x80, 0x1F, 0x80, 0x00, 0x1F, 0x00, 0x00, 0x1F, 0x00, 0x00, 0x1F, 0x00, 0x00, 0x1F, 0x00, 0x00, 0x1F, 0x00, 0x00,
      0x1F, 0x00, 0x00, 0x1F, 0x80, 0x00, 0x0F, 0xC0, 0x80, 0x0F, 0xFF, 0x80, 0x07, 0xFF, 0x80, 0x03, 0xFF, 0x80, 0x00, 0xFE, 0x00, 0x00, 0x00, 0x00,
      0x00, 0x00, 0x00, 0x00, 0x00, 0x00, 0x00, 0x00, 0x00, 0x00, 0x00, 0x00, 0x00, 0x00, 0x00, 0x00, 0x00, 0x00, 0x00, 0x00, 0x00, 0x00, 0x00, 0x00}},
    {0x0442,  // 'т'
     {0x00, 0x00, 0x00, 0x00, 0x00, 0x00, 0x00, 0x00, 0x00, 0x00, 0x00, 0x00, 0x00, 0x00, 0x00, 0x00, 0x00, 0x00, 0x00, 0x00, 0x00, 0x00, 0x00, 0x00,
      0x00, 0x00, 0x00, 0x00, 0x00, 0x00, 0x00, 0x00, 0x00, 0x00, 0x00, 0x00, 0x00, 0x00, 0x00, 0x1F, 0xFF, 0x80, 0x1F, 0xFF, 0x80, 0x1F, 0xFF, 0x80,
      0x1F, 0xFF, 0x80, 0x00, 0xF0, 0x00, 0x00, 0xF0, 0x00, 0x00, 0xF0, 0x00, 0x00, 0xF0, 0x00, 0x00, 0xF0, 0x00, 0x00, 0xF0, 0x00, 0x00, 0xF0, 0x00,
      0x00, 0xF0, 0x00, 0x00, 0xF0, 0x00, 0x00, 0xF0, 0x00, 0x00, 0xF0, 0x00, 0x00, 0xF0, 0x00, 0x00, 0xF0, 0x00, 0x00, 0xF0, 0x00, 0x00, 0x00, 0x00,
      0x00, 0x00, 0x00, 0x00, 0x00, 0x00, 0x00, 0x00, 0x00, 0x00, 0x00, 0x00, 0x00, 0x00, 0x00, 0x00, 0x00, 0x00, 0x00, 0x00, 0x00, 0x00, 0x00, 0x00}},
    {0x0443,  // 'у'
     {0x00, 0x00, 0x00, 0x00, 0x00, 0x00, 0x00, 0x00, 0x00, 0x00, 0x00, 0x00, 0x00, 0x00, 0x00, 0x00, 0x00, 0x00, 0x00, 0x00, 0x00, 0x00, 0x00, 0x00,
      0x00, 0x00, 0x00, 0x00, 0x00, 0x00, 0x00, 0x00, 0x00, 0x00, 0x00, 0x00, 0x00, 0x00, 0x00, 0x7C, 0x03, 0xE0, 0x3C, 0x07, 0xC0, 0x3E, 0x07, 0xC0,
      0x3E, 0x07, 0xC0, 0x1E, 0x0F, 0x80, 0x1F, 0x0F, 0x80, 0x0F, 0x0F, 0x00, 0x0F, 0x9F, 0x00, 0x0F, 0x9F, 0x00, 0x07, 0x9E, 0x00, 0x07, 0xFE, 0x00,
      0x07, 0xFE, 0x00, 0x03, 0xFC, 0x00, 0x03, 0xFC, 0x00, 0x01, 0xF8, 0x00, 0x01, 0xF8, 0x00, 0x01, 0xF8, 0x00, 0x00, 0xF0, 0x00, 0x01, 0xF0, 0x00,
      0x01, 0xF0, 0x00, 0x03, 0xE0, 0x00, 0x3F, 0xE0, 0x00, 0x3F, 0xC0, 0x00, 0x3F, 0x80, 0x00, 0x3F, 0x00, 0x00, 0x00, 0x00, 0x00, 0x00, 0x00, 0x00}},
    {0x0444,  // 'ф'
     {0x00, 0x00, 0x00, 0x00, 0x00, 0x00, 0x00, 0x00, 0x00, 0x00, 0x00, 0x00, 0x00, 0x00, 0x00, 0x00, 0x00, 0x00, 0x00, 0xF0, 0x00, 0x00, 0xF0, 0x00,
      0x00, 0xF0, 0x00, 0x00, 0xF0, 0x00, 0x00, 0xF0, 0x00, 0x00, 0xF0, 0x00, 0x00, 0xF0, 0x00, 0x03, 0xFC, 0x00, 0x07, 0xFE, 0x00, 0x0F, 0xFF, 0x00,
      0x1F, 0xFF, 0x80, 0x3E, 0xF7, 0xC0, 0x3C, 0xF3, 0xC0, 0x3C, 0xF3, 0xC0, 0x78, 0xF1, 0xC0, 0x78, 0xF1, 0xE0, 0x78, 0xF1, 0xE0, 0x78, 0xF1, 0xC0,
      0x38, 0xF3, 0xC0, 0x3C, 0xF3, 0xC0, 0x3E, 0xF7, 0xC0, 0x1F, 0xFF, 0x80, 0x0F, 0xFF, 0x00, 0x07, 0xFE, 0x00, 0x03, 0xFC, 0x00, 0x00, 0xF0, 0x00,
      0x00, 0xF0, 0x00, 0x00, 0xF0, 0x00, 0x00, 0xF0, 0x00, 0x00, 0xF0, 0x00, 0x00, 0xF0, 0x00, 0x00, 0xF0, 0x00, 0x00, 0x00, 0x00, 0x00, 0x00, 0x00}},
    {0x0445,  // 'х'
     {0x00, 0x00, 0x00, 0x00, 0x00, 0x00, 0x00, 0x00, 0x00, 0x00, 0x00, 0x00, 0x00, 0x00, 0x00, 0x00, 0x00, 0x00, 0x00, 0x00, 0x00, 0x00, 0x00, 0x00,
      0x00, 0x00, 0x00, 0x00, 0x00, 0x00, 0x00, 0x00, 0x00, 0x00, 0x00, 0x00, 0x00, 0x00, 0x00, 0x3E, 0x07, 0xC0, 0x3F, 0x0F, 0x80, 0x1F, 0x0F, 0x80,
      0x0F, 0x9F, 0x00, 0x07, 0xBE, 0x00, 0x07, 0xFE, 0x00, 0x03, 0xFC, 0x00, 0x01, 0xF8, 0x00, 0x01, 0xF8, 0x00, 0x01, 0xF8, 0x00, 0x03, 0xFC, 0x00,
      0x03, 0xFC, 0x00, 0x07, 0xFE, 0x00, 0x0F, 0x9F, 0x00, 0x1F, 0x1F, 0x80, 0x1F, 0x0F, 0x80, 0x3E, 0x07, 0xC0, 0x7E, 0x07, 0xE0, 0x00, 0x00, 0x00,
      0x00, 0x00, 0x00, 0x00, 0x00, 0x00, 0x00, 0x00, 0x00, 0x00, 0x00, 0x00, 0x00, 0x00, 0x00, 0x00, 0x00, 0x00, 0x00, 0x00, 0x00, 0x00, 0x00, 0x00}},
    {0x0446,  // 'ц'
     {0x00, 0x00, 0x00, 0x00, 0x00, 0x00, 0x00, 0x00, 0x00, 0x00, 0x00, 0x00, 0x00, 0x00, 0x00, 0x00, 0x00, 0x00, 0x00, 0x00, 0x00, 0x00, 0x00, 0x00,
      0x00, 0x00, 0x00, 0x00, 0x00, 0x00, 0x00, 0x00, 0x00, 0x00, 0x00, 0x00, 0x00, 0x00, 0x00, 0x3C, 0x1F, 0x00, 0x3C, 0x1F, 0x00, 0x3C, 0x1F, 0x00,
      0x3C, 0x1F, 0x00, 0x3C, 0x1F, 0x00, 0x3C, 0x1F, 0x00, 0x3C, 0x1F, 0x00, 0x3C, 0x1F, 0x00, 0x3C, 0x1F, 0x00, 0x3C, 0x1F, 0x00, 0x3C, 0x1F, 0x00,
      0x3C, 0x1F, 0x00, 0x3C, 0x1F, 0x00, 0x3C, 0x1F, 0x00, 0x3F, 0xFF, 0xE0, 0x3F, 0xFF, 0xE0, 0x3F, 0xFF, 0xE0, 0x3F, 0xFF, 0xE0, 0x00, 0x01, 0xE0,
      0x00, 0x01, 0xE0, 0x00, 0x01, 0xE0, 0x00, 0x01, 0xE0, 0x00, 0x01, 0xE0, 0x00, 0x00, 0x00, 0x00, 0x00, 0x00, 0x00, 0x00, 0x00, 0x00, 0x00, 0x00}},
    {0x0447,  // 'ч'
     {0x00, 0x00, 0x00, 0x00, 0x00, 0x00, 0x00, 0x00, 0x00, 0x00, 0x00, 0x00, 0x00, 0x00, 0x00, 0x00, 0x00, 0x00, 0x00, 0x00, 0x00, 0x00, 0x00, 0x00,
      0x00, 0x00, 0x00, 0x00, 0x00, 0x00, 0x00, 0x00, 0x00, 0x00, 0x00, 0x00, 0x00, 0x00, 0x00, 0x3E, 0x0F, 0x80, 0x3E, 0x0F, 0x80, 0x3E, 0x0F, 0x80,
      0x3E, 0x0F, 0x80, 0x3E, 0x0F, 0x80, 0x3E, 0x0F, 0x80, 0x3E, 0x0F, 0x80, 0x3F, 0x0F, 0x80, 0x1F, 0xFF, 0x80, 0x1F, 0xFF, 0x80, 0x0F, 0xFF, 0x80,
      0x03, 0xFF, 0x80, 0x00, 0x0F, 0x80, 0x00, 0x0F, 0x80, 0x00, 0x0F, 0x80, 0x00, 0x0F, 0x80, 0x00, 0x0F, 0x80, 0x00, 0x0F, 0x80, 0x00, 0x00, 0x00,
      0x00, 0x00, 0x00, 0x00, 0x00, 0x00, 0x00, 0x00, 0x00, 0x00, 0x00, 0x00, 0x00, 0x00, 0x00, 0x00, 0x00, 0x00, 0x00, 0x00, 0x00, 0x00, 0x00, 0x00}},
    {0x0448,  // 'ш'
     {0x00, 0x00, 0x00, 0x00, 0x00, 0x00, 0x00, 0x00, 0x00, 0x00, 0x00, 0x00, 0x00, 0x00, 0x00, 0x00, 0x00, 0x00, 0x00, 0x00, 0x00, 0x00, 0x00, 0x00,
      0x00, 0x00, 0x00, 0x00, 0x00, 0x00, 0x00, 0x00, 0x00, 0x00, 0x00, 0x00, 0x00, 0x00, 0x00, 0x78, 0xF1, 0xE0, 0x78, 0xF1, 0xE0, 0x78, 0xF1, 0xE0,
      0x78, 0xF1, 0xE0, 0x78, 0xF1, 0xE0, 0x78, 0xF1, 0xE0, 0x78, 0xF1, 0xE0, 0x78, 0xF1, 0xE0, 0x78, 0xF1, 0xE0, 0x78, 0xF1, 0xE0, 0x78, 0xF1, 0xE0,
      0x78, 0xF1, 0xE0, 0x78, 0xF1, 0xE0, 0x78, 0xF1, 0xE0, 0x7F, 0xFF, 0xE0, 0x7F, 0xFF, 0xE0, 0x7F, 0xFF, 0xE0, 0x7F, 0xFF, 0xE0, 0x00, 0x00, 0x00,
      0x00, 0x00, 0x00, 0x00, 0x00, 0x00, 0x00, 0x00, 0x00, 0x00, 0x00, 0x00, 0x00, 0x00, 0x00, 0x00, 0x00, 0x00, 0x00, 0x00, 0x00, 0x00, 0x00, 0x00}},
    {0x0449,  // 'щ'
     {0x00, 0x00, 0x00, 0x00, 0x00, 0x00, 0x00, 0x00, 0x00, 0x00, 0x00, 0x00, 0x00, 0x00, 0x00, 0x00, 0x00, 0x00, 0x00, 0x00, 0x00, 0x00, 0x00, 0x00,
      0x00, 0x00, 0x00, 0x00, 0x00, 0x00, 0x00, 0x00, 0x00, 0x00, 0x00, 0x00, 0x00, 0x00, 0x00, 0x78, 0xF3, 0xC0, 0x78, 0xF3, 0xC0, 0x78, 0xF3, 0xC0,
      0x78, 0xF3, 0xC0, 0x78, 0xF3, 0xC0, 0x78, 0xF3, 0xC0, 0x78, 0xF3, 0xC0, 0x78, 0xF3, 0xC0, 0x78, 0xF3, 0xC0, 0x78, 0xF3, 0xC0, 0x78, 0xF3, 0xC0,
      0x78, 0xF3, 0xC0, 0x78, 0xF3, 0xC0, 0x78, 0xF3, 0xC0, 0x7F, 0xFF, 0xF0, 0x7F, 0xFF, 0xF0, 0x7F, 0xFF, 0xF0, 0x7F, 0xFF, 0xF0, 0x00, 0x00, 0xF0,
      0x00, 0x00, 0xF0, 0x00, 0x00, 0xF0, 0x00, 0x00, 0xF0, 0x00, 0x00, 0xF0, 0x00, 0x00, 0x00, 0x00, 0x00, 0x00, 0x00, 0x00, 0x00, 0x00, 0x00, 0x00}},
    {0x044C,  // 'ь'
     {0x00, 0x00, 0x00, 0x00, 0x00, 0x00, 0x00, 0x00, 0x00, 0x00, 0x00, 0x00, 0x00, 0x00, 0x00, 0x00, 0x00, 0x00, 0x00, 0x00, 0x00, 0x00, 0x00, 0x00,
      0x00, 0x00, 0x00, 0x00, 0x00, 0x00, 0x00, 0x00, 0x00, 0x00, 0x00, 0x00, 0x00, 0x00, 0x00, 0x3E, 0x00, 0x00, 0x3E, 0x00, 0x00, 0x3E, 0x00, 0x00,
      0x3E, 0x00, 0x00, 0x3E, 0x00, 0x00, 0x3E, 0x00, 0x00, 0x3E, 0x00, 0x00, 0x3F, 0xF8, 0x00, 0x3F, 0xFE, 0x00, 0x3F, 0xFF, 0x00, 0x3F, 0xFF, 0x80,
      0x3E, 0x0F, 0x80, 0x3E, 0x0F, 0x80, 0x3E, 0x0F, 0x80, 0x3F, 0xFF, 0x80, 0x3F, 0xFF, 0x00, 0x3F, 0xFE, 0x00, 0x3F, 0xF8, 0x00, 0x00, 0x00, 0x00,
      0x00, 0x00, 0x00, 0x00, 0x00, 0x00, 0x00, 0x00, 0x00, 0x00, 0x00, 0x00, 0x00, 0x00, 0x00, 0x00, 0x00, 0x00, 0x00, 0x00, 0x00, 0x00, 0x00, 0x00}},
    {0x044E,  // 'ю'
     {0x00, 0x00, 0x00, 0x00, 0x00, 0x00, 0x00, 0x00, 0x00, 0x00, 0x00, 0x00, 0x00, 0x00, 0x00, 0x00, 0x00, 0x00, 0x00, 0x00, 0x00, 0x00, 0x00, 0x00,
      0x00, 0x00, 0x00, 0x00, 0x00, 0x00, 0x00, 0x00, 0x00, 0x00, 0x00, 0x00, 0x00, 0x00, 0x00, 0x78, 0x3C, 0x00, 0x78, 0x7F, 0x00, 0x78, 0xFF, 0x80,
      0x79, 0xFF, 0xC0, 0x79, 0xF3, 0xC0, 0x79, 0xE3, 0xC0, 0x79, 0xE1, 0xE0, 0x7F, 0xC1, 0xE0, 0x7F, 0xC1, 0xE0, 0x7F, 0xC1, 0xE0, 0x7F, 0xC1, 0xE0,
      0x7B, 0xE1, 0xE0, 0x79, 0xE3, 0xC0, 0x79, 0xF3, 0xC0, 0x79, 0xFF, 0xC0, 0x78, 0xFF, 0x80, 0x78, 0x7F, 0x00, 0x78, 0x3C, 0x00, 0x00, 0x00, 0x00,
      0x00, 0x00, 0x00, 0x00, 0x00, 0x00, 0x00, 0x00, 0x00, 0x00, 0x00, 0x00, 0x00, 0x00, 0x00, 0x00, 0x00, 0x00, 0x00, 0x00, 0x00, 0x00, 0x00, 0x00}},
    {0x044F,  // 'я'
     {0x00, 0x00, 0x00, 0x00, 0x00, 0x00, 0x00, 0x00, 0x00, 0x00, 0x00, 0x00, 0x00, 0x00, 0x00, 0x00, 0x00, 0x00, 0x00, 0x00, 0x00, 0x00, 0x00, 0x00,
      0x00, 0x00, 0x00, 0x00, 0x00, 0x00, 0x00, 0x00, 0x00, 0x00, 0x00, 0x00, 0x00, 0x00, 0x00, 0x03, 0xFF, 0xC0, 0x0F, 0xFF, 0xC0, 0x1F, 0xFF, 0xC0,
      0x1F, 0xFF, 0xC0, 0x1F, 0x07, 0xC0, 0x1E, 0x07, 0xC0, 0x1F, 0x07, 0xC0, 0x1F, 0xFF, 0xC0, 0x0F, 0xFF, 0xC0, 0x03, 0xFF, 0xC0, 0x03, 0xFF, 0xC0,
      0x07, 0xE7, 0xC0, 0x07, 0xC7, 0xC0, 0x0F, 0xC7, 0xC0, 0x0F, 0x87, 0xC0, 0x1F, 0x87, 0xC0, 0x3F, 0x07, 0xC0, 0x3E, 0x07, 0xC0, 0x00, 0x00, 0x00,
      0x00, 0x00, 0x00, 0x00, 0x00, 0x00, 0x00, 0x00, 0x00, 0x00, 0x00, 0x00, 0x00, 0x00, 0x00, 0x00, 0x00, 0x00, 0x00, 0x00, 0x00, 0x00, 0x00, 0x00}},
    {0x0454,  // 'є'
     {0x00, 0x00, 0x00, 0x00, 0x00, 0x00, 0x00, 0x00, 0x00, 0x00, 0x00, 0x00, 0x00, 0x00, 0x00, 0x00, 0x00, 0x00, 0x00, 0x00, 0x00, 0x00, 0x00, 0x00,
      0x00, 0x00, 0x00, 0x00, 0x00, 0x00, 0x00, 0x00, 0x00, 0x00, 0x00, 0x00, 0x00, 0x00, 0x00, 0x00, 0xFE, 0x00, 0x03, 0xFF, 0x80, 0x07, 0xFF, 0x80,
      0x0F, 0xFF, 0x80, 0x0F, 0xC0, 0x80, 0x1F, 0x80, 0x00, 0x1F, 0x00, 0x00, 0x1F, 0xFC, 0x00, 0x1F, 0xFC, 0x00, 0x1F, 0xFC, 0x00, 0x1F, 0xFC, 0x00,
      0x1F, 0x00, 0x00, 0x1F, 0x00, 0x00, 0x0F, 0xC0, 0x80, 0x0F, 0xFF, 0x80, 0x07, 0xFF, 0x80, 0x03, 0xFF, 0x80, 0x00, 0xFE, 0x00, 0x00, 0x00, 0x00,
      0x00, 0x00, 0x00, 0x00, 0x00, 0x00, 0x00, 0x00, 0x00, 0x00, 0x00, 0x00, 0x00, 0x00, 0x00, 0x00, 0x00, 0x00, 0x00, 0x00, 0x00, 0x00, 0x00, 0x00}},
    {0x0456,  // 'і'
     {0x00, 0x00, 0x00, 0x00, 0x00, 0x00, 0x00, 0x00, 0x00, 0x00, 0x00, 0x00, 0x00, 0xF8, 0x00, 0x00, 0xF8, 0x00, 0x00, 0xF8, 0x00, 0x00, 0xF8, 0x00,
      0x00, 0xF8, 0x00, 0x00, 0xF8, 0x00, 0x00, 0x00, 0x00, 0x00, 0x00, 0x00, 0x00, 0x00, 0x00, 0x0F, 0xF8, 0x00, 0x0F, 0xF8, 0x00, 0x0F, 0xF8, 0x00,
      0x0F, 0xF8, 0x00, 0x00, 0xF8, 0x00, 0x00, 0xF8, 0x00, 0x00, 0xF8, 0x00, 0x00, 0xF8, 0x00, 0x00, 0xF8, 0x00, 0x00, 0xF8, 0x00, 0x00, 0xF8, 0x00,
      0x00, 0xF8, 0x00, 0x00, 0xF8, 0x00, 0x00, 0xF8, 0x00, 0x3F, 0xFF, 0xE0, 0x3F, 0xFF, 0xE0, 0x3F, 0xFF, 0xE0, 0x3F, 0xFF, 0xE0, 0x00, 0x00, 0x00,
      0x00, 0x00, 0x00, 0x00, 0x00, 0x00, 0x00, 0x00, 0x00, 0x00, 0x00, 0x00, 0x00, 0x00, 0x00, 0x00, 0x00, 0x00, 0x00, 0x00, 0x00, 0x00, 0x00, 0x00}},
    {0x0457,  // 'ї'
     {0x00, 0x00, 0x00, 0x00, 0x00, 0x00, 0x00, 0x00, 0x00, 0x00, 0x00, 0x00, 0x00, 0x00, 0x00, 0x07, 0x9E, 0x00, 0x07, 0x9E, 0x00, 0x07, 0x9E, 0x00,
      0x07, 0x9E, 0x00, 0x00, 0x00, 0x00, 0x00, 0x00, 0x00, 0x00, 0x00, 0x00, 0x00, 0x00, 0x00, 0x0F, 0xF8, 0x00, 0x0F, 0xF8, 0x00, 0x0F, 0xF8, 0x00,
      0x0F, 0xF8, 0x00, 0x00, 0xF8, 0x00, 0x00, 0xF8, 0x00, 0x00, 0xF8, 0x00, 0x00, 0xF8, 0x00, 0x00, 0xF8, 0x00, 0x00, 0xF8, 0x00, 0x00, 0xF8, 0x00,
      0x00, 0xF8, 0x00, 0x00, 0xF8, 0x00, 0x00, 0xF8, 0x00, 0x3F, 0xFF, 0xE0, 0x3F, 0xFF, 0xE0, 0x3F, 0xFF, 0xE0, 0x3F, 0xFF, 0xE0, 0x00, 0x00, 0x00,
      0x00, 0x00, 0x00, 0x00, 0x00, 0x00, 0x00, 0x00, 0x00, 0x00, 0x00, 0x00, 0x00, 0x00, 0x00, 0x00, 0x00, 0x00, 0x00, 0x00, 0x00, 0x00, 0x00, 0x00}},
    {0x0490,  // 'Ґ'
     {0x00, 0x00, 0x00, 0x00, 0x00, 0x00, 0x00, 0x03, 0xC0, 0x00, 0x03, 0xC0, 0x00, 0x03, 0xC0, 0x00, 0x03, 0xC0, 0x00, 0x03, 0xC0, 0x1F, 0xFF, 0xC0,
      0x1F, 0xFF, 0xC0, 0x1F, 0xFF, 0xC0, 0x1F, 0xFF, 0xC0, 0x1F, 0x00, 0x00, 0x1F, 0x00, 0x00, 0x1F, 0x00, 0x00, 0x1F, 0x00, 0x00, 0x1F, 0x00, 0x00,
      0x1F, 0x00, 0x00, 0x1F, 0x00, 0x00, 0x1F, 0x00, 0x00, 0x1F, 0x00, 0x00, 0x1F, 0x00, 0x00, 0x1F, 0x00, 0x00, 0x1F, 0x00, 0x00, 0x1F, 0x00, 0x00,
      0x1F, 0x00, 0x00, 0x1F, 0x00, 0x00, 0x1F, 0x00, 0x00, 0x1F, 0x00, 0x00, 0x1F, 0x00, 0x00, 0x1F, 0x00, 0x00, 0x1F, 0x00, 0x00, 0x00, 0x00, 0x00,
      0x00, 0x00, 0x00, 0x00, 0x00, 0x00, 0x00, 0x00, 0x00, 0x00, 0x00, 0x00, 0x00, 0x00, 0x00, 0x00, 0x00, 0x00, 0x00, 0x00, 0x00, 0x00, 0x00, 0x00}},
    {0x0491,  // 'ґ'
     {0x00, 0x00, 0x00, 0x00, 0x00, 0x00, 0x00, 0x00, 0x00, 0x00, 0x00, 0x00, 0x00, 0x00, 0x00, 0x00, 0x00, 0x00, 0x00, 0x00, 0x00, 0x00, 0x00, 0x00,
      0x00, 0x07, 0x00, 0x00, 0x07, 0x00, 0x00, 0x07, 0x00, 0x00, 0x07, 0x00, 0x00, 0x07, 0x00, 0x0F, 0xFF, 0x00, 0x0F, 0xFF, 0x00, 0x0F, 0xFF, 0x00,
      0x0F, 0xFF, 0x00, 0x0F, 0x00, 0x00, 0x0F, 0x00, 0x00, 0x0F, 0x00, 0x00, 0x0F, 0x00, 0x00, 0x0F, 0x00, 0x00, 0x0F, 0x00, 0x00, 0x0F, 0x00, 0x00,
      0x0F, 0x00, 0x00, 0x0F, 0x00, 0x00, 0x0F, 0x00, 0x00, 0x0F, 0x00, 0x00, 0x0F, 0x00, 0x00, 0x0F, 0x00, 0x00, 0x0F, 0x00, 0x00, 0x00, 0x00, 0x00,
      0x00, 0x00, 0x00, 0x00, 0x00, 0x00, 0x00, 0x00, 0x00, 0x00, 0x00, 0x00, 0x00, 0x00, 0x00, 0x00, 0x00, 0x00, 0x00, 0x00, 0x00, 0x00, 0x00, 0x00}},
    {0x2013,  // '–'
     {0x00, 0x00, 0x00, 0x00, 0x00, 0x00, 0x00, 0x00, 0x00, 0x00, 0x00, 0x00, 0x00, 0x00, 0x00, 0x00, 0x00, 0x00, 0x00, 0x00, 0x00, 0x00, 0x00, 0x00,
      0x00, 0x00, 0x00, 0x00, 0x00, 0x00, 0x00, 0x00, 0x00, 0x00, 0x00, 0x00, 0x00, 0x00, 0x00, 0x00, 0x00, 0x00, 0x00, 0x00, 0x00, 0x00, 0x00, 0x00,
      0x00, 0x00, 0x00, 0x00, 0x00, 0x00, 0x00, 0x00, 0x00, 0x00, 0x00, 0x00, 0xFF, 0xFF, 0xF0, 0xFF, 0xFF, 0xF0, 0xFF, 0xFF, 0xF0, 0xFF, 0xFF, 0xF0,
      0x00, 0x00, 0x00, 0x00, 0x00, 0x00, 0x00, 0x00, 0x00, 0x00, 0x00, 0x00, 0x00, 0x00, 0x00, 0x00, 0x00, 0x00, 0x00, 0x00, 0x00, 0x00, 0x00, 0x00,
      0x00, 0x00, 0x00, 0x00, 0x00, 0x00, 0x00, 0x00, 0x00, 0x00, 0x00, 0x00, 0x00, 0x00, 0x00, 0x00, 0x00, 0x00, 0x00, 0x00, 0x00, 0x00, 0x00, 0x00}},
    {0x2116,  // '№'
     {0x00, 0x00, 0x00, 0x00, 0x00, 0x00, 0x00, 0x00, 0x00, 0x00, 0x00, 0x00, 0x00, 0x00, 0x00, 0x00, 0x00, 0x00, 0x00, 0x00, 0x00, 0x3E, 0x1E, 0x00,
      0x3E, 0x3E, 0x00, 0x3E, 0x7E, 0x00, 0x3E, 0x7C, 0x00, 0x3E, 0x78, 0x00, 0x3F, 0x78, 0x00, 0x3F, 0x78, 0x00, 0x3F, 0x78, 0x00, 0x3F, 0x78, 0x00,
      0x3F, 0x78, 0x00, 0x3F, 0x78, 0x00, 0x3F, 0x78, 0xC0, 0x3F, 0xF9, 0xE0, 0x3D, 0xFB, 0xE0, 0x3D, 0xFB, 0x70, 0x3D, 0xFB, 0x70, 0x3D, 0xFB, 0x70,
      0x3D, 0xFB, 0xF0, 0x3D, 0xFB, 0xE0, 0x3D, 0xF9, 0xE0, 0xFC, 0xF8, 0x00, 0xF8, 0xFB, 0xF0, 0xF8, 0xFB, 0xF0, 0xE0, 0xFB, 0xF0, 0x00, 0x00, 0x00,
      0x00, 0x00, 0x00, 0x00, 0x00, 0x00, 0x00, 0x00, 0x00, 0x00, 0x00, 0x00, 0x00, 0x00, 0x00, 0x00, 0x00, 0x00, 0x00, 0x00, 0x00, 0x00, 0x00, 0x00}},
    {0xFFFD,  // U+FFFD
     {0x00, 0x00, 0x00, 0x00, 0x60, 0x00, 0x00, 0xF0, 0x00, 0x01, 0xF8, 0x00, 0x03, 0xFC, 0x00, 0x07, 0xFE, 0x00, 0x0F, 0xFF, 0x00, 0x1C, 0x01, 0x80,
      0x38, 0x00, 0xC0, 0x70, 0x00, 0x60, 0x70, 0x60, 0x20, 0x73, 0xF8, 0x20, 0x7F, 0xF8, 0x20, 0x7F, 0xF8, 0x20, 0x7F, 0xF0, 0x60, 0x7F, 0xF0, 0x60,
      0x7F, 0xE0, 0xE0, 0x7F, 0xC1, 0xE0, 0x7F, 0x83, 0xE0, 0x7F, 0x07, 0xE0, 0x7F, 0x0F, 0xE0, 0x7F, 0x0F, 0xE0, 0x7F, 0x0F, 0xE0, 0x7F, 0x0F, 0xE0,
      0x7F, 0x0F, 0xE0, 0x7F, 0xFF, 0xE0, 0x7F, 0x0F, 0xE0, 0x3F, 0x0F, 0xC0, 0x1F, 0x0F, 0x80, 0x0F, 0x0F, 0x00, 0x07, 0x0E, 0x00, 0x03, 0xFC, 0x00,
      0x01, 0xF8, 0x00, 0x00, 0xF0, 0x00, 0x00, 0x60, 0x00, 0x00, 0x00, 0x00, 0x00, 0x00, 0x00, 0x00, 0x00, 0x00, 0x00, 0x00, 0x00, 0x00, 0x00, 0x00}},
};

}  // namespace font
